Comment ID,Comment Text,Themes,Sentiment,Emotion Detection ,Tone,Does the comment mention specific media content? 0 = No 1 = Yes,- If Y: what content?,- If Y: what is the general attitude toward this media content? 1=Positive/2=Neutral/3=Negative/4=Mixed/5=Unclear,"- - If positive, what does the author like about this content? ","- - If negative, what does the author dislike about this content? ",Does the comment mention gender or gender roles? 0 = No 1 = Yes,- If Y: How would you characterize the gender roles? 1= Women do domestic/care work; 2=Women have limited economic freedom; 3= Women have limited leadership; 4=Women are in subservient roles; 5=Women do not discuss sex or reproductive health; 5=Men are sexual aggressors; 6=Men are leaders; 7=Men are violent; 8=Men are primary breadwinners,- If Y: name any other gender themes and topics addressed in the comment: ,- If Y: What is the general attitude expressed toward discussed gender norms? 1=Positive/2=Neutral/3=Negative/4=Mixed/5=Unclear ,- If Y: What is the general attitude expressed toward women? 1=Positive/2=Neutral/3=Negative/4=Mixed/5=Unclear  ,"- If Y: Does the comment use collective framing (“we,” “our society,” “everyone knows”) or individual framing (“I,” “my experience”) in discussing gender/gender roles? 1 = Collective, 2 = Individual, 3 = Can't tell/Does not apply","- If Y: Does the comment contest or reproduce cultural stereotypes around gender? 0 = Contest, 1 = Reproduce, 3 = Unclear/Neither","Does the comment mention race, ethnicity, nationality, language, or caste in relation to the media content ? 0 = No 1 = Yes","- If Y,  which? _____","- If Y: What is the general attitude expressed toward this race, ethnicity, nationality, or language? 1=Positive/2=Neutral/3=Negative/4=Mixed/5=Unclear  ",Does the comment include any sexist or derogatory language?,"- If Y,  provide a quote","What emotions does the comment generally contain? 1=Contempt, 2=Anger,  3=Disgust, 4=Sadness, 5=Shame, 6=Embarrassment, 7=Guilt, 8=Compassion, 9=Pride, 10=No emotion","What emotions does the author express toward the media content? 1=Contempt, 2=Anger,  3=Disgust, 4=Sadness, 5=Shame, 6=Embarrassment, 7=Guilt, 8=Compassion, 9=Pride, 10=No emotion",Does the comment indicate that the author acquired new knowledge or information by watching?  0 = No 1 = Yes,- If Y: what did they learn?,Did the comment indicate that the author had existing knowledge reinforced by watching? 0 = No 1 = Yes,- If Y: what knowledge or information was reinforced?,Are there any calls to action in the comment (telling readers to do something)?  0 = No 1 = Yes,"- If Y, what is it calling readers to do?","Does the author share any information in the comment (e.g., share a fact, a link)? 0 = No 1 = Yes","- If Y, what information is shared?","Does the author advocate for anything in the comment (e.g., support a cause)? 0 = No 1 = Yes","- If Y, what do they advocate for?","Does the author correct any information in the comment (e.g., say that something is incorrect)? 0 = No 1 = Yes","- If Y, what do they correct?","Does the comment's author identify themselves in any way (name their gender, profession, location, etc)?  0 = No 1 = Yes","- If Y,  is profession mentioned?  0 = No 1 = Yes","- - If Y, what is the profession?","- If Y, is location mentioned?  0 = No 1 = Yes","- - If Y, what is the location?","- If Y, is race/ethnicity mentioned?  0 = No 1 = Yes","- - If Y, what is the location?","- If Y, is gender mentioned?  0 = No 1 = Yes","- - If Y, what gender?        1=Female, 2=Male, 3=Non-binary                                                                                                                                                                                                ",Notes
131488763,"Giel, I heard that your very fat, very ugly, very shameless ashawo chinwe bleeped her gigolo in the restroom. Kindly confirm or deny.",Sexual allegations & slut-shaming,Negative (131488763),The emotion expressed in this comment is anger and hostility. (131488763),Hostile (131488763),0 (131488763),– (131488763),3 (131488763),- (131488763),"Use of insults, body-shaming, and defamatory sexual allegations (131488763)",1 (131488763),6 (131488763),Sexual shaming and character assassination of women (131488763),3 (131488763),3 (131488763),2 (131488763),1 (131488763),0 (131488763),- (131488763),- (131488763),1 (131488763),"very fat, very ugly, very shameless ashawo (131488763)",3 (131488763),1 (131488763),0 (131488763),– (131488763),0 (131488763),– (131488763),0 (131488763),– (131488763),0 (131488763),– (131488763),0 (131488763),– (131488763),0 (131488763),– (131488763),0 (131488763),,,,,,,,,
131904228,"By the time this cheating husband wins this money, the wife go dey pray and fast everyday to see her husband cos na 3 girls per night he go dey carry go hotel. Kassia brace up for what's about to hit you. The lord is your muscle!! Well that been said... Kellyrae and Handi ship will make sense 😂 https://x.com/antepalo/status/1832544271586447530?t=8t60aNEx7Rikshcv_QTJ8A&s=19",Marriage/Loyalty/Boundaries,Negative (131904228),The emotion expressed in this comment is anger and resentment. (131904228),Sarcastic (131904228),1 (131904228),BBNaija housemates & cheating storyline (131904228),3 (131904228),- (131904228),Portrayal of husband as unfaithful and marriage as doomed; moral condemnation (131904228),1 (131904228),6 (131904228),Fear of male infidelity and moral judgment of marriage (131904228),3 (131904228),3 (131904228),1 (131904228),1 (131904228),0 (131904228),- (131904228),- (131904228),1 (131904228),cheating husband… 3 girls per night (131904228),2 (131904228),2 (131904228),0 (131904228),– (131904228),0 (131904228),– (131904228),0 (131904228),– (131904228),1 (131904228),Shares a link to an X/Twitter post alleging cheating behavior (131904228),1 (131904228),Advocates skepticism toward Kassia’s marriage and warns of future infidelity (131904228),0 (131904228),– (131904228),0 (131904228),,,,,,,,,
131618444,"Wetin married woman dy find for another man nipple, that's enough disrespect on her husband na. Same house where dem dy which kind rough play be that. But immediately she see djflo with husband she'll quickly come to take her away, she can play but her husband can't play. Nansense",Marriage/Loyalty/Boundaries,Negative (131618444),The emotion expressed in this comment is anger and moral outrage. (131618444),Angry (131618444),1 (131618444),Married couple interaction in BBNaija house (131618444),3 (131618444),- (131618444),Perceived disrespectful behavior by a married woman and blurred boundaries (131618444),1 (131618444),4 (131618444),Marital boundaries and policing women’s physical behavior (131618444),3 (131618444),3 (131618444),1 (131618444),1 (131618444),0 (131618444),- (131618444),- (131618444),1 (131618444),wetin married woman dey find for another man nipple (131618444),2 (131618444),2 (131618444),0 (131618444),– (131618444),0 (131618444),– (131618444),0 (131618444),– (131618444),0 (131618444),– (131618444),0 (131618444),– (131618444),0 (131618444),– (131618444),0 (131618444),,,,,,,,,
131924550,Wats wrong with a wife asking her husband if getting married b4 coming to a show might be regretable due to the fact it might hindered him from exploring a lot of opportunities and exposures after d show...? This question might not make sense to you but its a normal question women who want their husband to themselves alone ask....But agenda must agend,Marriage/Loyalty/Boundaries,Neutral (131924550),The emotion expressed in this comment is curiosity and mild justification. (131924550),Defensive (131924550),1 (131924550),Marriage discussion related to BBNaija participation (131924550),2 (131924550),- (131924550),- (131924550),1 (131924550),4 (131924550),"Control, possessiveness, and expectations of wives’ loyalty (131924550)",4 (131924550),4 (131924550),1 (131924550),1 (131924550),0 (131924550),- (131924550),- (131924550),0 (131924550),- (131924550),10 (131924550),10 (131924550),0 (131924550),– (131924550),0 (131924550),– (131924550),0 (131924550),– (131924550),0 (131924550),– (131924550),0 (131924550),– (131924550),0 (131924550),– (131924550),0 (131924550),,,,,,,,,
132215902,"If you are that strong, you should be able to take your two faves to the finale and also crown a winner. All the best Kassia, you deserve the win better than your husband.",Voting/prize-money strategy (“the money”),Positive (132215902),The emotion expressed in this comment is encouragement and optimism. (132215902),Encouraging (132215902),1 (132215902),BBNaija competition & finale outcome (132215902),1 (132215902),Deserves to win; personal strength and competence (132215902),- (132215902),0 (132215902),- (132215902),- (132215902),- (132215902),- (132215902),3 (132215902),3 (132215902),0 (132215902),- (132215902),- (132215902),0 (132215902),- (132215902),8 (132215902),9 (132215902),0 (132215902),– (132215902),0 (132215902),– (132215902),0 (132215902),– (132215902),0 (132215902),– (132215902),1 (132215902),Advocates Kassia winning over her husband (132215902),0 (132215902),– (132215902),0 (132215902),,,,,,,,,
131309825,"Beureefuulll woman. Her husband took a huge risk bringing her on the show,he geh luck say people like Kidd or Cross no dey this season he for dey sweat steadily the way those ones go the flirt with his wife. Last last na him go later shout,we b husband and wife o 😁",Marriage/Loyalty/Boundaries,Positive (131309825),The emotion expressed in this comment is amusement and playful teasing. (131309825),Playful (131309825),1 (131309825),Flirting dynamics in BBNaija house (131309825),1 (131309825),Appreciation of wife’s beauty and couple dynamic (131309825),- (131309825),1 (131309825),4 (131309825),Male jealousy and ownership over wife’s desirability (131309825),4 (131309825),4 (131309825),2 (131309825),1 (131309825),0 (131309825),- (131309825),- (131309825),0 (131309825),- (131309825),1 (131309825),1 (131309825),0 (131309825),– (131309825),0 (131309825),– (131309825),0 (131309825),– (131309825),0 (131309825),– (131309825),0 (131309825),– (131309825),0 (131309825),– (131309825),0 (131309825),,,,,,,,,
131471475,Some fans said this is the first time a husband and wife are on big brother so they deserve the money. Other fans say the husband is competitive so they should win. Then most fans just stan them for no reason at all,Voting/prize-money strategy (“the money”),Neutral (131471475),The emotion expressed in this comment is neutrality and observation. (131471475),Neutral (131471475),1 (131471475),Public fandom debate about BBNaija winners (131471475),2 (131471475),- (131471475),- (131471475),0 (131471475),- (131471475),- (131471475),- (131471475),- (131471475),3 (131471475),3 (131471475),0 (131471475),- (131471475),- (131471475),0 (131471475),- (131471475),10 (131471475),10 (131471475),0 (131471475),– (131471475),0 (131471475),– (131471475),0 (131471475),– (131471475),0 (131471475),– (131471475),0 (131471475),– (131471475),0 (131471475),– (131471475),0 (131471475),,,,,,,,,
131575233,"Calling Wanni and Handi Ashawo will forever be funny to me, point to one lady in that house that is not Ashawo aside married Kassia(we don’t even know her pre-marriage ways). The twins own it and they are unapologetic about it, ke deal wirrit.. Runs girls will be calling street girl Ashawo, same joe minor difference.",Sexual allegations & slut-shaming,Negative (131575233),The emotion expressed in this comment is contempt and mockery. (131575233),Derogatory (131575233),1 (131575233),Housemates’ reputations and labels in BBNaija (131575233),3 (131575233),- (131575233),Use of slut-shaming and misogynistic labeling of women (131575233),1 (131575233),5 (131575233),"Slut-shaming, sexual double standards, and misogyny (131575233)",3 (131575233),3 (131575233),1 (131575233),1 (131575233),0 (131575233),- (131575233),- (131575233),1 (131575233),point to one lady… that is not Ashawo (131575233),1 (131575233),1 (131575233),0 (131575233),– (131575233),0 (131575233),– (131575233),0 (131575233),– (131575233),0 (131575233),– (131575233),0 (131575233),– (131575233),0 (131575233),– (131575233),0 (131575233),,,,,,,,,
131909365,"What’s there if she likes married men or men in a relationship? How many men treat their wives better than the side chicks? I love me those baddies Housewife Dey house Dey chop shege, side chick Dey outside Dey chop premium life for doing basically nothing than fûck the man😁.",Sexual allegations & slut-shaming,Negative (131909365),The emotion expressed in this comment is cynicism and disdain. (131909365),Cynical (131909365),1 (131909365),BBNaija relationship and infidelity discourse (131909365),4 (131909365),- (131909365),- (131909365),1 (131909365),6 (131909365),Normalization of men’s infidelity and side-chick culture (131909365),4 (131909365),4 (131909365),1 (131909365),1 (131909365),0 (131909365),- (131909365),- (131909365),1 (131909365),doing basically nothing than fûck the man (131909365),1 (131909365),1 (131909365),0 (131909365),– (131909365),0 (131909365),– (131909365),0 (131909365),– (131909365),0 (131909365),– (131909365),0 (131909365),– (131909365),0 (131909365),– (131909365),0 (131909365),,,,,,,,,
131574837,"Awwwn I like men o See how calmly Kelly and tjay are sorting their issues If na my gender now , na repetitive words, ‘ bitch’. Them go Dey use to bring the roof down",Gender norms/misogyny/“women vs men” discourse,Positive (131574837),The emotion expressed in this comment is appreciation and mild satisfaction. (131574837),Appreciative (131574837),1 (131574837),Conflict resolution among male housemates (131574837),1 (131574837),Calm conflict resolution by male housemates (131574837),- (131574837),1 (131574837),7 (131574837),Gendered communication styles and stereotypes about women’s conflict behavior (131574837),2 (131574837),2 (131574837),1 (131574837),3 (131574837),0 (131574837),- (131574837),- (131574837),0 (131574837),- (131574837),8 (131574837),8 (131574837),0 (131574837),– (131574837),0 (131574837),– (131574837),0 (131574837),– (131574837),0 (131574837),– (131574837),0 (131574837),– (131574837),0 (131574837),– (131574837),1 (131574837),,,,,,,1,1,
132147457,"He is not even a good scammer! He cooks and serves the wife and neighbor Vicky...the whole country go like....""awwwwwww"" ..our husband is husbanding Make he show face for all star first 😁",Housemate personality evaluation (boring/strong/weak),Neutral (132147457),The emotion expressed in this comment is amusement and sarcasm. (132147457),Mocking (132147457),1 (132147457),Housemate portrayal as “husband material” (132147457),2 (132147457),- (132147457),- (132147457),1 (132147457),7 (132147457),Idealization of domestic masculinity and caregiving men (132147457),2 (132147457),2 (132147457),1 (132147457),0 (132147457),0 (132147457),- (132147457),- (132147457),1 (132147457),he is not even a good scammer (132147457),1 (132147457),1 (132147457),0 (132147457),– (132147457),0 (132147457),– (132147457),0 (132147457),– (132147457),0 (132147457),– (132147457),0 (132147457),– (132147457),0 (132147457),– (132147457),0 (132147457),,,,,,,,,
131538059,"I swear. Boring couple with no storyline. If toby had left when they were in bottom 4, they wouldn't even have anything to talk about since husband and wife don't even talk to each other.",Housemate personality evaluation (boring/strong/weak),Negative (131538059),The emotion expressed in this comment is boredom and disinterest. (131538059),Dismissive (131538059),1 (131538059),BBNaija couple’s lack of storyline (131538059),3 (131538059),- (131538059),Boring storyline and lack of visible interaction between couple (131538059),0 (131538059),- (131538059),- (131538059),- (131538059),- (131538059),3 (131538059),3 (131538059),0 (131538059),- (131538059),- (131538059),0 (131538059),- (131538059),10 (131538059),10 (131538059),0 (131538059),– (131538059),0 (131538059),– (131538059),0 (131538059),– (131538059),0 (131538059),– (131538059),0 (131538059),– (131538059),0 (131538059),– (131538059),0 (131538059),,,,,,,,,
131315390,"Toby is telling someone's wife that if he discovers that her husband is the one, he'll never talk to them anymore. He thinks Double K hug and talk to each other like a couple.",Shipping/romance dynamics,Neutral (131315390),The emotion expressed in this comment is neutrality and mild curiosity. (131315390),Suspicious (131315390),1 (131315390),Housemate interpersonal boundaries (131315390),2 (131315390),- (131315390),- (131315390),0 (131315390),- (131315390),- (131315390),- (131315390),- (131315390),3 (131315390),3 (131315390),0 (131315390),- (131315390),- (131315390),0 (131315390),- (131315390),10 (131315390),10 (131315390),0 (131315390),– (131315390),0 (131315390),– (131315390),0 (131315390),– (131315390),0 (131315390),– (131315390),0 (131315390),– (131315390),0 (131315390),– (131315390),0 (131315390),,,,,,,,,
131605268,"Chekas are weak as a snail 🐌 Nelly won't do shiii... because again, she isn't as strong fighting the twin alone. Ben would be a better option I suppose",Housemate personality evaluation (boring/strong/weak),Negative (131605268),The emotion expressed in this comment is criticism and dismissal. (131605268),Contemptuous (131605268),1 (131605268),Housemate strength comparison (131605268),2 (131605268),- (131605268),- (131605268),0 (131605268),- (131605268),- (131605268),- (131605268),- (131605268),3 (131605268),3 (131605268),0 (131605268),- (131605268),- (131605268),1 (131605268),Chekas are weak as a snail (131605268),1 (131605268),1 (131605268),0 (131605268),– (131605268),0 (131605268),– (131605268),0 (131605268),– (131605268),0 (131605268),– (131605268),0 (131605268),– (131605268),0 (131605268),– (131605268),0 (131605268),,,,,,,,,
132135922,"This one no follow madam Eliza, enter house. His woman's fight as if she's just an ordinary woman to him. We still have responsible men who takes their wife's battle as theirs.",Marriage/Loyalty/Boundaries,Positive (132135922),The emotion expressed in this comment is approval and moral support. (132135922),Critical (132135922),1 (132135922),Housemate defending wife during conflict (132135922),1 (132135922),Responsible husband defending wife (132135922),- (132135922),1 (132135922),7 (132135922),Male protectionism and expectation to defend female partners (132135922),1 (132135922),1 (132135922),1 (132135922),0 (132135922),0 (132135922),- (132135922),- (132135922),0 (132135922),- (132135922),8 (132135922),9 (132135922),0 (132135922),– (132135922),0 (132135922),– (132135922),0 (132135922),– (132135922),0 (132135922),– (132135922),0 (132135922),– (132135922),0 (132135922),– (132135922),0 (132135922),,,,,,,,,
131823295,Kelly rae Like husband like wife Kassia massaged the tire Kelly rae is giving it cpr abi finishing the massage. What a couple.,Marriage/Loyalty/Boundaries,Positive (131823295),The emotion expressed in this comment is affection and admiration. (131823295),Affectionate (131823295),1 (131823295),Playful couple moment in BBNaija house (131823295),1 (131823295),Affectionate couple behavior and teamwork (131823295),- (131823295),0 (131823295),- (131823295),- (131823295),- (131823295),- (131823295),3 (131823295),3 (131823295),0 (131823295),- (131823295),- (131823295),0 (131823295),- (131823295),9 (131823295),9 (131823295),0 (131823295),– (131823295),1 (131823295),Reinforced belief that the couple functions well publicly as a coordinated husband–wife team (131823295),0 (131823295),– (131823295),0 (131823295),– (131823295),0 (131823295),– (131823295),0 (131823295),– (131823295),0 (131823295),,,,,,,,,
131928600,Wasn't Kassia just gistung with her husband and Topher just a few minutes before nominations? She still get mind nominate him. Even her husband had to shake his head,Marriage/Loyalty/Boundaries,Negative (131928600),The emotion expressed in this comment is surprise and mild disapproval. (131928600),Disapproving (131928600),1 (131928600),Nomination event involving Kassia (131928600),3 (131928600),- (131928600),Perceived hypocrisy and disloyalty in nominations (131928600),1 (131928600),4 (131928600),Gendered expectations of loyalty in nominations and alliances (131928600),3 (131928600),3 (131928600),1 (131928600),1 (131928600),0 (131928600),- (131928600),- (131928600),0 (131928600),- (131928600),2 (131928600),2 (131928600),0 (131928600),– (131928600),0 (131928600),– (131928600),0 (131928600),– (131928600),0 (131928600),– (131928600),0 (131928600),– (131928600),0 (131928600),– (131928600),0 (131928600),,,,,,,,,
131988126,All of them are boring ... especially those 40years old men Ozee n his bro forming peace-maker and senior men Ebuka should evict 6 people this Sunday.,Housemate personality evaluation (boring/strong/weak),Negative (131988126),The emotion expressed in this comment is frustration and contempt. (131988126),Frustrated (131988126),1 (131988126),Eviction commentary on older housemates (131988126),3 (131988126),- (131988126),Older housemates seen as dull and unentertaining (131988126),1 (131988126),7 (131988126),Ageism and masculinity norms tied to entertainment value (131988126),3 (131988126),3 (131988126),1 (131988126),1 (131988126),0 (131988126),- (131988126),- (131988126),1 (131988126),boring… especially those 40years old men (131988126),1 (131988126),1 (131988126),0 (131988126),– (131988126),0 (131988126),– (131988126),1 (131988126),Call for mass eviction by the show (evict multiple housemates) (131988126),0 (131988126),– (131988126),1 (131988126),Advocates mass eviction to improve the show (131988126),0 (131988126),– (131988126),0 (131988126),,,,,,,,,
131574917,i wan make dem evict that stupid ashewo's twins dey too like gossip Anyways rhutiee did a good job by insulting does olosho's wey no get pride,Sexual allegations & slut-shaming,Negative (131574917),The emotion expressed in this comment is anger and insult-driven hostility. (131574917),Aggressive (131574917),1 (131574917),Housemate gossip and insults (131574917),3 (131574917),- (131574917),Insulting language and condemnation of gossiping housemates (131574917),1 (131574917),4 (131574917),Moral policing of women’s gossiping and sexuality (131574917),3 (131574917),3 (131574917),1 (131574917),1 (131574917),0 (131574917),- (131574917),- (131574917),1 (131574917),stupid ashewo's twins (131574917),2 (131574917),2 (131574917),0 (131574917),– (131574917),0 (131574917),– (131574917),1 (131574917),Call to evict specific housemates (twins) (131574917),0 (131574917),– (131574917),1 (131574917),Advocates eviction of specific housemates (the twins) (131574917),0 (131574917),– (131574917),0 (131574917),,,,,,,,,
132137021,To me is a mistake ooo ... This move will give another strong fan base a chance... Why not take her there let her occupy space and reduce the number of competitors while you all focus on her husband for the win,Voting/prize-money strategy (“the money”),Neutral (132137021),The emotion expressed in this comment is strategic concern and calculation. (132137021),Strategic (132137021),1 (132137021),Strategic gameplay discussion (132137021),2 (132137021),- (132137021),- (132137021),0 (132137021),- (132137021),- (132137021),- (132137021),- (132137021),3 (132137021),3 (132137021),0 (132137021),- (132137021),- (132137021),0 (132137021),- (132137021),10 (132137021),10 (132137021),0 (132137021),– (132137021),0 (132137021),– (132137021),0 (132137021),– (132137021),0 (132137021),– (132137021),1 (132137021),Advocates strategic gameplay to reduce competitors and help husband win (132137021),0 (132137021),– (132137021),0 (132137021),,,,,,,,,
131538306,This season of BBNaija really brought a lot of never seen befores. 1st time having Husband and Wife in the house 1st time having twins in the house. Now 1st time having a pregnant woman in the house.,Meta commentary on show format/production,Positive (131538306),The emotion expressed in this comment is surprise and interest. (131538306),Observational (131538306),1 (131538306),Season format changes in BBNaija (131538306),1 (131538306),"Uniqueness of season format (married couple, twins, pregnancy) (131538306)",- (131538306),0 (131538306),- (131538306),- (131538306),- (131538306),- (131538306),3 (131538306),3 (131538306),0 (131538306),- (131538306),- (131538306),0 (131538306),- (131538306),9 (131538306),9 (131538306),1 (131538306),"Learned that this season introduced unprecedented formats (husband and wife, twins, pregnant housemate) (131538306)",0 (131538306),– (131538306),0 (131538306),– (131538306),0 (131538306),– (131538306),0 (131538306),– (131538306),0 (131538306),– (131538306),0 (131538306),,,,,,,,,
131604000,"Of all the men in that house, it's Kellyrae that's really a husband material. He's really matured and full of wisdom. The rest are just for errands. Never seen Shaun in an intelligent conversation, it's so so sex talk with his village people chosen forbidden wife Wanni",Housemate personality evaluation (boring/strong/weak),Positive (131604000),The emotion expressed in this comment is admiration and approval. (131604000),Admiring (131604000),1 (131604000),Evaluation of male housemates’ maturity (131604000),1 (131604000),"Maturity, wisdom, and husband material qualities (131604000)",- (131604000),1 (131604000),7 (131604000),Ideal husband masculinity and wisdom as male virtue (131604000),1 (131604000),1 (131604000),1 (131604000),0 (131604000),0 (131604000),- (131604000),- (131604000),0 (131604000),- (131604000),9 (131604000),9 (131604000),0 (131604000),– (131604000),1 (131604000),Reinforced belief that Kellyrae displays maturity and husband-like responsibility compared to others (131604000),0 (131604000),– (131604000),0 (131604000),– (131604000),1 (131604000),Advocates Kellyrae as ideal husband material / deserving winner (131604000),0 (131604000),– (131604000),0 (131604000),,,,,,,,,
132083927,This is why Phyna still beat Wanni any time Phyna was still ready to check and unleash on anyone without looking at groovy's face but this wanni turned mumu submissive wife that will need Oloriburuku shunts permission to confront anyone lol,Gender norms/misogyny/“women vs men” discourse,Negative (132083927),The emotion expressed in this comment is anger and ridicule. (132083927),Scornful (132083927),1 (132083927),Comparison to past BBNaija winners (132083927),3 (132083927),- (132083927),Criticism of submissiveness and loss of assertiveness (132083927),1 (132083927),4 (132083927),Critique of submissive femininity versus assertive womanhood (132083927),3 (132083927),3 (132083927),1 (132083927),1 (132083927),0 (132083927),- (132083927),- (132083927),1 (132083927),mumu submissive wife (132083927),1 (132083927),1 (132083927),0 (132083927),– (132083927),0 (132083927),– (132083927),0 (132083927),– (132083927),0 (132083927),– (132083927),0 (132083927),– (132083927),0 (132083927),– (132083927),0 (132083927),,,,,,,,,
131527569,Pool party and some of these men are wearing and ironing shirts Sigh Not even some Majority I've never seen where men are more conservative than women.,Gender norms/misogyny/“women vs men” discourse,Neutral (131527569),The emotion expressed in this comment is neutrality and casual observation. (131527569),Critical (131527569),1 (131527569),Pool party dress behavior in BBNaija (131527569),2 (131527569),- (131527569),- (131527569),1 (131527569),6 (131527569),Gendered modesty and clothing expectations (131527569),3 (131527569),3 (131527569),1 (131527569),1 (131527569),0 (131527569),- (131527569),- (131527569),0 (131527569),- (131527569),10 (131527569),10 (131527569),0 (131527569),– (131527569),0 (131527569),– (131527569),0 (131527569),– (131527569),0 (131527569),– (131527569),0 (131527569),– (131527569),0 (131527569),– (131527569),0 (131527569),,,,,,,,,
131456642,"Chinwe is a fat, ugly mad woman. She say ebuka don destroy her relationship. Ebuka abi your big mouth and fat lips did?",Sexual allegations & slut-shaming,Negative (131456642),The emotion expressed in this comment is anger and verbal aggression. (131456642),Abusive (131456642),1 (131456642),Criticism of housemate Chinwe (131456642),3 (131456642),- (131456642),Personal attacks and blame-shifting toward a housemate (131456642),1 (131456642),4 (131456642),Body-shaming and hostility toward women (131456642),3 (131456642),3 (131456642),2 (131456642),1 (131456642),0 (131456642),- (131456642),- (131456642),1 (131456642),"fat, ugly mad woman (131456642)",3 (131456642),3 (131456642),0 (131456642),– (131456642),0 (131456642),– (131456642),0 (131456642),– (131456642),0 (131456642),– (131456642),0 (131456642),– (131456642),0 (131456642),– (131456642),0 (131456642),,,,,,,,,
131527063,"Next team is Twingirls, Nelita and Zinne. Zion is the husband to two women. They are to cook for his friends from Amelica so one wife  called Nelly the chef to help her out.",Shipping/romance dynamics,Neutral (131527063),The emotion expressed in this comment is neutrality and descriptive narration. (131527063),Matter-of-fact (131527063),1 (131527063),Housemate team cooking task (131527063),2 (131527063),- (131527063),- (131527063),1 (131527063),1 (131527063),Domestic labor roles and polygamy satire (131527063),2 (131527063),2 (131527063),1 (131527063),3 (131527063),0 (131527063),- (131527063),- (131527063),0 (131527063),- (131527063),10 (131527063),10 (131527063),0 (131527063),– (131527063),0 (131527063),– (131527063),0 (131527063),– (131527063),0 (131527063),– (131527063),0 (131527063),– (131527063),0 (131527063),– (131527063),0 (131527063),,,,,,,,,
131196947,"I don't know al the pairs but from the few I got, wandi and Hani are from Kaduna. The married couple are from Delta- husband is Itsekiri and wife is Isoko. I can't say anything about the rest",Tribal/region/representation & casting,Neutral (131196947),The emotion expressed in this comment is neutrality and factual reporting. (131196947),Informative (131196947),1 (131196947),Housemate origin/background info (131196947),2 (131196947),- (131196947),- (131196947),0 (131196947),- (131196947),- (131196947),- (131196947),- (131196947),3 (131196947),3 (131196947),0 (131196947),- (131196947),- (131196947),0 (131196947),- (131196947),10 (131196947),10 (131196947),0 (131196947),– (131196947),0 (131196947),– (131196947),0 (131196947),– (131196947),1 (131196947),Shares background information about housemate pair origins and ethnicities (131196947),0 (131196947),– (131196947),0 (131196947),– (131196947),0 (131196947),,,,,,,,,
131315618,Mbadiwe twin dey show the boys how things are done. Senior men will always be senior men. The rizz has been marinated for many years.,Housemate personality evaluation (boring/strong/weak),Positive (131315618),The emotion expressed in this comment is pride and admiration. (131315618),Admiring (131315618),1 (131315618),Male housemate charisma display (131315618),1 (131315618),"Confidence, experience, and charisma of male housemates (131315618)",- (131315618),1 (131315618),7 (131315618),"Masculine charisma, seniority, and sexual confidence (131315618)",2 (131315618),2 (131315618),1 (131315618),0 (131315618),0 (131315618),- (131315618),- (131315618),0 (131315618),- (131315618),9 (131315618),9 (131315618),0 (131315618),– (131315618),1 (131315618),Reinforced belief that senior or older male housemates command respect and social dominance (131315618),0 (131315618),– (131315618),0 (131315618),– (131315618),0 (131315618),– (131315618),0 (131315618),– (131315618),0 (131315618),,,,,,,,,
132077675,"One thing I like about Big Brother is how most of the men fear to lose guard on live TV. As such, they give female housemates a bit of space. The thing ends up frustrating the females to the extent that they make physical moves to catch the men. On a club night, would the average Nigerian man allow Kassia dance alone? Them no born horn.y men well. They will close-in even with the knowledge that she’s married. At least six men for don approach in forty minutes. WannixHandi should wear bras, abeg. Those things don’t look appealing.",Gender norms/misogyny/“women vs men” discourse,Neutral (132077675),The emotion expressed in this comment is analytical observation and neutrality. (132077675),Sexualized (132077675),1 (132077675),Male–female interaction norms in BBNaija (132077675),4 (132077675),- (132077675),- (132077675),1 (132077675),6 (132077675),Male sexual pursuit versus female boundaries (132077675),4 (132077675),4 (132077675),1 (132077675),1 (132077675),0 (132077675),- (132077675),- (132077675),1 (132077675),should wear bras… don’t look appealing (132077675),1 (132077675),1 (132077675),0 (132077675),– (132077675),1 (132077675),Reinforced belief that male restraint on live TV is intentional and shaped by social expectations (132077675),0 (132077675),– (132077675),0 (132077675),– (132077675),0 (132077675),– (132077675),0 (132077675),– (132077675),0 (132077675),,,,,,,,,
132136595,"Leave Kassia ooooo don't vote for her, she no Sabi manage money that's why she has told you all from the beginning to concentrate more on her husband. Just vote any weak housemate and strictly Kellyrae in the finals",Voting/prize-money strategy (“the money”),Negative (132136595),The emotion expressed in this comment is irritation and criticism. (132136595),Directive (132136595),1 (132136595),Voting strategy focused on Kellyrae (132136595),3 (132136595),- (132136595),Criticism of financial competence and voting strategy (132136595),1 (132136595),2 (132136595),Economic competence stereotypes applied to women (132136595),3 (132136595),3 (132136595),1 (132136595),1 (132136595),0 (132136595),- (132136595),- (132136595),0 (132136595),- (132136595),2 (132136595),2 (132136595),0 (132136595),– (132136595),0 (132136595),– (132136595),1 (132136595),Call to vote for Kellyrae / not vote for Kassia (132136595),0 (132136595),– (132136595),1 (132136595),Advocates voting for Kellyrae and not Kassia (132136595),0 (132136595),– (132136595),0 (132136595),,,,,,,,,
131315822,It’s not societal anything. She’s 100 percent loyal to her husband.  I have seen her run to her husband twice to ask him if he’s angry that she’s talking to Tobi and that it looks like he’s angry. She was so scared. Doesn’t that tell you something?,Marriage/Loyalty/Boundaries,Positive (131315822),The emotion expressed in this comment is reassurance and loyalty. (131315822),Defensive (131315822),1 (131315822),Housemate loyalty behavior (131315822),1 (131315822),Loyalty and respect within marriage (131315822),- (131315822),1 (131315822),4 (131315822),Female emotional dependence and spousal approval-seeking (131315822),2 (131315822),2 (131315822),2 (131315822),0 (131315822),0 (131315822),- (131315822),- (131315822),0 (131315822),- (131315822),8 (131315822),8 (131315822),0 (131315822),– (131315822),1 (131315822),Reinforced belief that Kassia prioritizes her husband’s emotional approval and loyalty (131315822),0 (131315822),– (131315822),0 (131315822),– (131315822),1 (131315822),Advocates loyalty and moral judgment of Kassia’s behavior (131315822),0 (131315822),– (131315822),0 (131315822),,,,,,,,,
132036660,I don't blame kassia for not nominating Onyeka 😁 The kind of problems she carried trying to come for Onyeka was too much for her to bear She tried support the snake Victoria's fight for man. Only to get Disgrace on Sunday because she couldn't stand on her words. Lied she doesn't have a strategy and had to deal with Ebuka's implied threats to expose her marriage Now strike on Monday Make she give Onyeka space make she sef rest. Her husband that is nominating Onyeka on behalf of his wife. Hope he knows his wife is at fault?? 😁 The whole fight happened because his wife couldn't mind her business and focus on her lies about her marriage Busy analyzing strategy of others meanwhile na you dey lie pass. I thought the house was celebrating that Onyeka lost. Why is kassia's husband now pained over a fight his wife won 😁,Fights/conflict/insults in-house,Negative (132036660),The emotion expressed in this comment is anger and frustration. (132036660),Accusatory (132036660),1 (132036660),Conflict and nomination fallout (132036660),3 (132036660),- (132036660),"Accusations of lying, poor strategy, and hypocrisy in conflicts (132036660)",1 (132036660),4 (132036660),Women blamed for conflict escalation and dishonesty (132036660),3 (132036660),3 (132036660),1 (132036660),1 (132036660),0 (132036660),- (132036660),- (132036660),1 (132036660),snake Victoria (132036660),2 (132036660),2 (132036660),0 (132036660),– (132036660),0 (132036660),– (132036660),0 (132036660),– (132036660),0 (132036660),– (132036660),0 (132036660),– (132036660),0 (132036660),– (132036660),0 (132036660),,,,,,,,,
132211178,"Omooo just seeing the video where dami pushed Wanni like 3 times and the bitch couldn’t cough 😮 🤣🤣🤣 Omooo ekuke wanni, only pupupu you know Ode",Fights/conflict/insults in-house,Negative (132211178),The emotion expressed in this comment is amusement and shock. (132211178),Mocking (132211178),1 (132211178),Physical altercation clip involving Wanni (132211178),3 (132211178),- (132211178),"Violence, aggression, and humiliation of a housemate (132211178)",1 (132211178),8 (132211178),Gendered violence and humiliation of women (132211178),3 (132211178),3 (132211178),2 (132211178),1 (132211178),0 (132211178),- (132211178),- (132211178),1 (132211178),the bitch couldn’t cough (132211178),2 (132211178),2 (132211178),0 (132211178),– (132211178),0 (132211178),– (132211178),0 (132211178),– (132211178),0 (132211178),– (132211178),0 (132211178),– (132211178),0 (132211178),– (132211178),0 (132211178),,,,,,,,,
131492196,"u can't wish away your very fat, very ugly, very old, very shameless ashawo kobo kobo, animalistic bastard chinwe restroom fucking her toyboy, gigolo zion that she paid flight ticket for to come and Bleep her with eyes closed and tied in the house. In broad daylight! Just advice her to go and model for xvideos or pornhub, if she go even see customer there. I just need you to confirm, deny or twist the allegation. A reminder, check bbnaija's website and this",Sexual allegations & slut-shaming,Negative (131492196),The emotion expressed in this comment is extreme hostility and disgust. (131492196),Abusive (131492196),0 (131492196),– (131492196),5 (131492196),- (131492196),- (131492196),1 (131492196),6 (131492196),Sexual violence rhetoric and extreme misogyny (131492196),3 (131492196),3 (131492196),2 (131492196),1 (131492196),0 (131492196),- (131492196),- (131492196),1 (131492196),"very fat, very ugly… animalistic bastard (131492196)",3 (131492196),3 (131492196),0 (131492196),– (131492196),0 (131492196),– (131492196),0 (131492196),– (131492196),0 (131492196),– (131492196),0 (131492196),– (131492196),0 (131492196),– (131492196),0 (131492196),,,,,,,,,
131350433,"Married people have a bad rep on this show so it's refreshing to see them together in the house, and there's never been husband and wife in the house together before, so people love them, especially married fans",Marriage/Loyalty/Boundaries,Positive (131350433),The emotion expressed in this comment is relief and mild positivity. (131350433),Positive (131350433),1 (131350433),Married couple representation on BBNaija (131350433),1 (131350433),Refreshing positive representation of married couple (131350433),- (131350433),1 (131350433),7 (131350433),Positive representation of marriage and traditional gender norms (131350433),2 (131350433),2 (131350433),1 (131350433),0 (131350433),0 (131350433),- (131350433),- (131350433),0 (131350433),- (131350433),9 (131350433),9 (131350433),0 (131350433),– (131350433),1 (131350433),Reinforced belief that married contestants attract public sympathy and fan support (131350433),0 (131350433),– (131350433),0 (131350433),– (131350433),1 (131350433),Advocates positive perception of married contestants (131350433),0 (131350433),– (131350433),0 (131350433),,,,,,,,,
131687742,See mumu Fairme! I learnt Ebuka gave him avenue to call out Mbadiwes and he was blabbing Very weak guy!! I am happy they left beta which gives Radicals hope of survival if they can sit up!!,Housemate personality evaluation (boring/strong/weak),Negative (131687742),The emotion expressed in this comment is anger and disappointment. (131687742),Derisive (131687742),1 (131687742),Housemate Fairme eviction commentary (131687742),3 (131687742),- (131687742),Mockery of weakness and poor confrontation skills (131687742),0 (131687742),- (131687742),- (131687742),- (131687742),- (131687742),3 (131687742),3 (131687742),0 (131687742),- (131687742),- (131687742),1 (131687742),See mumu Fairme! (131687742),1 (131687742),1 (131687742),0 (131687742),– (131687742),0 (131687742),– (131687742),0 (131687742),– (131687742),0 (131687742),– (131687742),1 (131687742),Advocates support for Radicals’ survival in the game (131687742),0 (131687742),– (131687742),0 (131687742),,,,,,,,,
131246653,"Double Kay have bonded with The husband. Zinwe, dj flo. Radicals Kassia. Handi and wanni, dj flo. Radicals The husband doesn't like aces. Feels the energy between them is off.",Housemate personality evaluation (boring/strong/weak),Neutral (131246653),The emotion expressed in this comment is neutrality and social observation. (131246653),Neutral (131246653),1 (131246653),Alliance dynamics among housemates (131246653),2 (131246653),- (131246653),- (131246653),0 (131246653),- (131246653),- (131246653),- (131246653),- (131246653),3 (131246653),3 (131246653),0 (131246653),- (131246653),- (131246653),0 (131246653),- (131246653),10 (131246653),10 (131246653),0 (131246653),– (131246653),0 (131246653),– (131246653),0 (131246653),– (131246653),0 (131246653),– (131246653),0 (131246653),– (131246653),0 (131246653),– (131246653),0 (131246653),,,,,,,,,
131490609,Fairme Cancelled!! I hate men that allow fellow men mess them up 😠 This is the same reason I cancelled dotun when he allowed useless shegu use him shine nonsense!!,Fights/conflict/insults in-house,Negative (131490609),The emotion expressed in this comment is anger and condemnation. (131490609),Indignant (131490609),1 (131490609),Criticism of male housemate behavior (131490609),3 (131490609),- (131490609),Anger at perceived lack of male backbone and loyalty (131490609),1 (131490609),7 (131490609),Masculine honor and condemnation of perceived weakness (131490609),3 (131490609),3 (131490609),1 (131490609),1 (131490609),0 (131490609),- (131490609),- (131490609),1 (131490609),I hate men that allow fellow men mess them up (131490609),2 (131490609),2 (131490609),0 (131490609),– (131490609),0 (131490609),– (131490609),0 (131490609),– (131490609),0 (131490609),– (131490609),1 (131490609),Advocates canceling/disapproving Fairme’s behavior (131490609),0 (131490609),– (131490609),0 (131490609),,,,,,,,,
131700300,"Nawa o So Efe is Lightskin? Miracle Lightskin? Laycon Lightskin Even Mercy can't be categorize as light skin (if not for bleaching cream) Even Phyna is not light skin like that Illebaye too na lightskin? The only person wey look light skin wey win the show na WM, Upon that sef dat one too bleach. So abegggiiiii,dis one wey u talk no follow",Appearance/beauty/age/body-shaming,Neutral (131700300),The emotion expressed in this comment is neutrality and commentary. (131700300),Skeptical (131700300),1 (131700300),Skin tone discussion among BBNaija winners (131700300),2 (131700300),- (131700300),- (131700300),1 (131700300),- (131700300),- (131700300),2 (131700300),2 (131700300),3 (131700300),3 (131700300),1 (131700300),Light-skinned identity / colorism (“lightskin”) (131700300),3 (131700300),0 (131700300),- (131700300),10 (131700300),10 (131700300),0 (131700300),– (131700300),1 (131700300),Reinforced belief that skin-tone debates recur every season and follow familiar patterns (131700300),0 (131700300),– (131700300),0 (131700300),– (131700300),0 (131700300),– (131700300),0 (131700300),– (131700300),0 (131700300),,,,,,,,,
131616973,Kelly Rae was very right yesterday when the wife was telling him about not touching the guy's nipple and he said he believes she did not but as a wife she should avoid plays that will bring her name into some kind of statements because people may spin and add jara. Just look at small touch someone came here and twisted it to suck and if not corrected people will run with narrative that married woman dey suck man nipple for TV. Even Kellyrae that will always tell his wife to draw lines when playing with men in the house.,Marriage/Loyalty/Boundaries,Positive (131616973),The emotion expressed in this comment is approval and caution. (131616973),Explanatory (131616973),1 (131616973),Boundary-setting conversation between couple (131616973),2 (131616973),- (131616973),- (131616973),1 (131616973),4 (131616973),Respectability politics applied to married women (131616973),3 (131616973),3 (131616973),1 (131616973),1 (131616973),0 (131616973),- (131616973),- (131616973),0 (131616973),- (131616973),9 (131616973),9 (131616973),0 (131616973),– (131616973),1 (131616973),Reinforced belief that Kellyrae consistently sets boundaries to protect marital image (131616973),0 (131616973),– (131616973),0 (131616973),– (131616973),1 (131616973),Advocates stricter boundaries for married women on the show (131616973),0 (131616973),– (131616973),0 (131616973),,,,,,,,,
131922837,"If you can date more than 50 men and still end up with ur abusive husband, then why must Solly ship lead to marriage... If it was dat easy, u would have married the first man that fingered and disvirgined you.. This Nhazeru sef..",Sexual allegations & slut-shaming,Negative (131922837),The emotion expressed in this comment is anger and judgment. (131922837),Judgmental (131922837),1 (131922837),Housemate sexual history discourse (131922837),3 (131922837),- (131922837),Sexual insults and shaming of personal history (131922837),1 (131922837),5 (131922837),Sexual history policing and purity expectations for women (131922837),3 (131922837),3 (131922837),2 (131922837),1 (131922837),0 (131922837),- (131922837),- (131922837),1 (131922837),fingered and disvirgined you (131922837),3 (131922837),3 (131922837),0 (131922837),– (131922837),0 (131922837),– (131922837),0 (131922837),– (131922837),0 (131922837),– (131922837),0 (131922837),– (131922837),0 (131922837),– (131922837),0 (131922837),,,,,,,,,
132218499,"As par... Does he owe her that? What about him missing his wife? Who tends to him? Unless his wife told him to do so for her (Kassia), then I believe he should set boundaries. You don't expect him to continue to cater to Victoria, now that Kassia is no longer there, do you?",Marriage/Loyalty/Boundaries,Neutral (132218499),The emotion expressed in this comment is neutrality and boundary questioning. (132218499),Questioning (132218499),1 (132218499),Post-eviction care expectations (132218499),2 (132218499),- (132218499),- (132218499),1 (132218499),7 (132218499),Male boundary-setting and emotional labor expectations (132218499),2 (132218499),2 (132218499),1 (132218499),0 (132218499),0 (132218499),- (132218499),- (132218499),0 (132218499),- (132218499),10 (132218499),10 (132218499),0 (132218499),– (132218499),0 (132218499),– (132218499),0 (132218499),– (132218499),0 (132218499),– (132218499),0 (132218499),– (132218499),0 (132218499),– (132218499),0 (132218499),,,,,,,,,
131612908,Wahala dey this night ohh😂😂 Abeg wetin dey cause husband and wife argument dis night? Which man nipple way kassie press way Kelly dey vex?,Marriage/Loyalty/Boundaries,Neutral (131612908),The emotion expressed in this comment is curiosity and mild confusion. (131612908),Curious (131612908),1 (131612908),Nighttime argument between married couple (131612908),2 (131612908),- (131612908),- (131612908),1 (131612908),4 (131612908),Gendered interpretation of marital arguments (131612908),2 (131612908),2 (131612908),1 (131612908),1 (131612908),0 (131612908),- (131612908),- (131612908),0 (131612908),- (131612908),10 (131612908),10 (131612908),0 (131612908),– (131612908),0 (131612908),– (131612908),0 (131612908),– (131612908),0 (131612908),– (131612908),0 (131612908),– (131612908),0 (131612908),– (131612908),0 (131612908),,,,,,,,,
131435012,"Anyway, Onyeka's latest problem is another testament that there is no such thing as a ""Guy's girl"" Walahi, if you set yourself up to be doing jamtalk with men, dem go jam you enter gutter. Especially younger men. Don't try to be overly liberal and lewd when you're talking to guys as a lady, because once you hit that level of see finish, your finish will never be unseen. Na that ""You know Onyeka is frustrated now"" from Sooj shock me pass. If you talk anyhow with men, they will talk anyhow about you. Always maintain composure, you're a lady first.",Gender norms/misogyny/“women vs men” discourse,Negative (131435012),The emotion expressed in this comment is concern and moral warning. (131435012),Moralizing (131435012),1 (131435012),Moral lesson drawn from housemate conflict (131435012),2 (131435012),- (131435012),- (131435012),1 (131435012),4 (131435012),"Respectability, chastity, and “ladylike” behavior norms (131435012)",3 (131435012),3 (131435012),1 (131435012),1 (131435012),0 (131435012),- (131435012),- (131435012),0 (131435012),- (131435012),9 (131435012),9 (131435012),0 (131435012),– (131435012),1 (131435012),Reinforced belief that women who are overly familiar with men are socially judged harshly (131435012),0 (131435012),– (131435012),0 (131435012),– (131435012),1 (131435012),Advocates traditional gender composure for women (131435012),0 (131435012),– (131435012),0 (131435012),,,,,,,,,
132241411,"Kelly is that man your dad will initially refuse to accept him as his son in-law but later grow to love him so much because of his total composure and let's be truthful, isn't he such a lovely partner to Kassia? Kelly is the real alpha male of the house, despite his caring habits he still has Kassia under his control, he knows when to spoil her and when to scold her and pamper her after the scolding. He doesn't get into people's business unnecessarily, he's sooo composed and loving. If you don't love Kellyrae then you are definitely facing Village people's problem. Vote a man who treats his wife well, let's encourage good men by voting Kelly.",Marriage/Loyalty/Boundaries,Positive (132241411),The emotion expressed in this comment is admiration and idealization. (132241411),Admiring (132241411),1 (132241411),Praise of Kellyrae’s conduct on BBNaija (132241411),1 (132241411),"Admiration for husband’s composure, leadership, and care (132241411)",- (132241411),1 (132241411),7 (132241411),Male dominance framed as leadership and care (132241411),1 (132241411),1 (132241411),1 (132241411),0 (132241411),0 (132241411),- (132241411),- (132241411),0 (132241411),- (132241411),9 (132241411),9 (132241411),0 (132241411),– (132241411),1 (132241411),Reinforced belief that Kellyrae embodies an idealized model of male composure and leadership (132241411),1 (132241411),Call to vote for Kellyrae and support him (132241411),0 (132241411),– (132241411),1 (132241411),Advocates voting for Kellyrae as a good husband/man (132241411),0 (132241411),– (132241411),0 (132241411),,,,,,,,,
132034148,"I don’t even like either of the two but Kassia sure deserves the win, it will be unfair to her if it’s given to her husband just because he is the “head of the house”, Head of house that can change it for the wife once money comes in. The money should be given to the most deserving. Wanni or Handi for the win though.",Voting/prize-money strategy (“the money”),Neutral (132034148),The emotion expressed in this comment is mixed feelings and fairness concern. (132034148),Balanced (132034148),1 (132034148),Debate over deserving BBNaija winner (132034148),4 (132034148),- (132034148),- (132034148),0 (132034148),- (132034148),- (132034148),- (132034148),- (132034148),3 (132034148),3 (132034148),0 (132034148),- (132034148),- (132034148),0 (132034148),- (132034148),10 (132034148),10 (132034148),0 (132034148),– (132034148),0 (132034148),– (132034148),0 (132034148),– (132034148),0 (132034148),– (132034148),1 (132034148),Advocates Kassia deserving win independently of husband (132034148),0 (132034148),– (132034148),0 (132034148),,,,,,,,,
132319059,"I can recall the married woman that said she usually wakes up by 4:am to cook for her husband and mumu Nigerians made her a millionaire. That was at the begining of the year, I think. Kelly knew gullible Nigerians were going to support him if he brought the marriage strategy into the big brother's house, and it worked.",Voting/prize-money strategy (“the money”),Negative (132319059),The emotion expressed in this comment is cynicism and skepticism. (132319059),Cynical (132319059),1 (132319059),Critique of marriage-based voting strategy (132319059),3 (132319059),- (132319059),Manipulative use of marriage narrative to exploit voters (132319059),1 (132319059),2 (132319059),Marriage-as-strategy and exploitation of gender norms (132319059),4 (132319059),4 (132319059),1 (132319059),1 (132319059),0 (132319059),- (132319059),- (132319059),1 (132319059),mumu Nigerians made her a millionaire (132319059),1 (132319059),1 (132319059),1 (132319059),Learned that marriage narratives can be strategically used to gain public sympathy and votes (132319059),1 (132319059),Reinforced belief that marriage narratives are repeatedly used as winning strategies in reality TV (132319059),0 (132319059),– (132319059),1 (132319059),Shares anecdote about a past BBNaija contestant becoming wealthy due to marriage narrative (132319059),1 (132319059),Advocates skepticism toward marriage-based voting narratives (132319059),0 (132319059),– (132319059),0 (132319059),,,,,,,,,
131404187,See doublekay that are even married. And tobi dey there dey mumu himself. Kellyrae can even give a brain-resetting sound slap and both pairs will be disqualified. And kelly carry him wife go back home. It's this whinchat baby baby. When u even research very well u will find out that chinwe and zion are not even dating.,Fights/conflict/insults in-house,Negative (131404187),The emotion expressed in this comment is anger and ridicule. (131404187),Corrective (131404187),1 (131404187),Married housemates’ conduct debate (131404187),3 (131404187),- (131404187),- (131404187),1 (131404187),6 (131404187),Threats of male violence used as control (131404187),3 (131404187),3 (131404187),2 (131404187),1 (131404187),0 (131404187),- (131404187),- (131404187),1 (131404187),brain-resetting sound slap (131404187),2 (131404187),2 (131404187),0 (131404187),– (131404187),0 (131404187),– (131404187),0 (131404187),– (131404187),0 (131404187),– (131404187),1 (131404187),Advocates discrediting rumors about Chinwe and Zion (131404187),1 (131404187),Corrects the claim that Chinwe and Zion are dating; states they are not actually a couple (131404187),0 (131404187),,,,,,,,,
131643074,"Very fat, very ugly, very uncouth, very promiscuous, evil, idiotic chunwe's middle name is delusion. See this bastard that sleeps from morning till night everyday is accusing zion of not spending time with her. Thought they spent time in the restroom some days ago. Animal always seeking validation. Na now her day break at 6:50pm",Sexual allegations & slut-shaming,Negative (131643074),The emotion expressed in this comment is hostility and moral condemnation. (131643074),Abusive (131643074),0 (131643074),– (131643074),5 (131643074),- (131643074),- (131643074),1 (131643074),6 (131643074),Dehumanization and moral panic around women’s sexuality (131643074),3 (131643074),3 (131643074),2 (131643074),1 (131643074),0 (131643074),- (131643074),- (131643074),1 (131643074),"very fat, very ugly… promiscuous (131643074)",3 (131643074),3 (131643074),0 (131643074),– (131643074),0 (131643074),– (131643074),0 (131643074),– (131643074),0 (131643074),– (131643074),0 (131643074),– (131643074),0 (131643074),– (131643074),0 (131643074),,,,,,,,,
131545880,But are they in a relationship  for all these plenty explanations? He sounds like a guilty husband explaining to his wife that he cheated. He even added a dramactic pause 😁,Shipping/romance dynamics,Neutral (131545880),The emotion expressed in this comment is amusement and skepticism. (131545880),Skeptical (131545880),1 (131545880),Relationship explanation by housemate (131545880),2 (131545880),- (131545880),- (131545880),0 (131545880),- (131545880),- (131545880),- (131545880),- (131545880),3 (131545880),3 (131545880),0 (131545880),- (131545880),- (131545880),0 (131545880),- (131545880),10 (131545880),10 (131545880),0 (131545880),– (131545880),0 (131545880),– (131545880),0 (131545880),– (131545880),0 (131545880),– (131545880),0 (131545880),– (131545880),0 (131545880),– (131545880),0 (131545880),,,,,,,,,
132283192,The money is boring The money is dry The money gullible The money is a bandwagon The money deserve Tinubu The money is floating Wetin d money never do? Plsss Vote oooooo so dat we can be able to analyse d money very well VOTE KELLYRAE🙏🙏🙏🙏,Voting/prize-money strategy (“the money”),Positive (132283192),The emotion expressed in this comment is excitement and promotional enthusiasm. (132283192),Promotional (132283192),1 (132283192),Voting campaign slogan “the money” (132283192),2 (132283192),- (132283192),- (132283192),0 (132283192),- (132283192),- (132283192),- (132283192),- (132283192),3 (132283192),3 (132283192),0 (132283192),- (132283192),- (132283192),0 (132283192),- (132283192),10 (132283192),10 (132283192),0 (132283192),– (132283192),0 (132283192),– (132283192),1 (132283192),Call to vote for Kellyrae (explicit voting appeal) (132283192),0 (132283192),– (132283192),1 (132283192),Advocates voting for Kellyrae (132283192),0 (132283192),– (132283192),0 (132283192),,,,,,,,,
131495539,"The way una dey stan this year, if it was other seasons we for dey hear The money is tricky The money is tochied The money is jaypauled The money is modella The money is dotuned The money is wathonified",Voting/prize-money strategy (“the money”),Neutral (131495539),The emotion expressed in this comment is neutrality and comparison. (131495539),Humorous (131495539),1 (131495539),Fan comparison across BBNaija seasons (131495539),2 (131495539),- (131495539),- (131495539),0 (131495539),- (131495539),- (131495539),- (131495539),- (131495539),3 (131495539),3 (131495539),0 (131495539),- (131495539),- (131495539),0 (131495539),- (131495539),10 (131495539),10 (131495539),0 (131495539),– (131495539),0 (131495539),– (131495539),0 (131495539),– (131495539),0 (131495539),– (131495539),0 (131495539),– (131495539),0 (131495539),– (131495539),0 (131495539),,,,,,,,,
131806926,"Nelly should not have any conversation with anyone. They should go on and be gossipping. Seems the one rootie gave wanni never do her, na nelly be her new target. Imagine a girl (ashawo, incestuous drug addict at that) analysising another girl's nyash. E no too set etc. Rubbish",Sexual allegations & slut-shaming,Negative (131806926),The emotion expressed in this comment is disgust and contempt. (131806926),Derogatory (131806926),1 (131806926),Insults toward female housemates (131806926),3 (131806926),- (131806926),Harsh moral judgment and derogatory labeling of a housemate (131806926),1 (131806926),6 (131806926),Sexual objectification and moral condemnation of women (131806926),3 (131806926),3 (131806926),2 (131806926),1 (131806926),0 (131806926),- (131806926),- (131806926),1 (131806926),"ashawo, incestuous drug addict (131806926)",3 (131806926),3 (131806926),0 (131806926),– (131806926),0 (131806926),– (131806926),0 (131806926),– (131806926),0 (131806926),– (131806926),0 (131806926),– (131806926),0 (131806926),– (131806926),0 (131806926),,,,,,,,,
132011350,"If Ozee and Ocee influenced the outcome of this season, then either of them should win the money. BBN is a game of personalities and the most stand out personality should win the money. So if Ocee and Ozee repressed the other adults, one of them should be handed the money and everyone else sent home. It's the same thing you guys did with white money, and he won the money, rightfully so.....",Voting/prize-money strategy (“the money”),Neutral (132011350),The emotion expressed in this comment is neutrality and evaluation. (132011350),Analytical (132011350),1 (132011350),Season influence analysis (132011350),2 (132011350),- (132011350),- (132011350),0 (132011350),- (132011350),- (132011350),- (132011350),- (132011350),3 (132011350),3 (132011350),0 (132011350),- (132011350),- (132011350),0 (132011350),- (132011350),10 (132011350),10 (132011350),0 (132011350),– (132011350),0 (132011350),– (132011350),0 (132011350),– (132011350),0 (132011350),– (132011350),1 (132011350),Advocates personality-based winner selection (132011350),0 (132011350),– (132011350),0 (132011350),,,,,,,,,
132216795,"If you know your fav does not have a chance to win the money, keep voting money and gift the person the money.",Voting/prize-money strategy (“the money”),Neutral (132216795),The emotion expressed in this comment is neutrality and pragmatic advice. (132216795),Pragmatic (132216795),1 (132216795),Voting advice to support favorite (132216795),2 (132216795),- (132216795),- (132216795),0 (132216795),- (132216795),- (132216795),- (132216795),- (132216795),3 (132216795),3 (132216795),0 (132216795),- (132216795),- (132216795),0 (132216795),- (132216795),10 (132216795),10 (132216795),0 (132216795),– (132216795),0 (132216795),– (132216795),0 (132216795),– (132216795),0 (132216795),– (132216795),1 (132216795),Advocates continued voting even if favorite can’t win (132216795),0 (132216795),– (132216795),0 (132216795),,,,,,,,,
132116735,"Why does Anita keeps talking about her ""career in healthcare ""? Career in Healthcare is hardly a career as every career has a name. Are you a doctor, nurse, radiographer, health information, pharmacist, dietitian, physiotherapist, anatomist, etc? You talk about being known for something and yet never mention what it is that you do. Its befuddling.",Housemate personality evaluation (boring/strong/weak),Neutral (132116735),The emotion expressed in this comment is confusion and mild frustration. (132116735),Critical (132116735),1 (132116735),Critique of housemate’s career claims (132116735),3 (132116735),- (132116735),Dismissal of vague or unclear career claims (132116735),0 (132116735),- (132116735),- (132116735),- (132116735),- (132116735),3 (132116735),3 (132116735),0 (132116735),- (132116735),- (132116735),0 (132116735),- (132116735),10 (132116735),10 (132116735),0 (132116735),– (132116735),0 (132116735),– (132116735),0 (132116735),– (132116735),0 (132116735),– (132116735),0 (132116735),– (132116735),0 (132116735),– (132116735),0 (132116735),,,,,,,,,
131812528,"I think that if any of the twin sets or of kos Chinwe were present during that argument about who should get the money, they would have caught on about them being married. “Kassia’s money na her money, but my own ne our own” But nobody there gorrit Lol",Marriage/Loyalty/Boundaries,Neutral (131812528),The emotion expressed in this comment is neutrality and inference. (131812528),Observational (131812528),1 (131812528),Marriage clue discussion in house dialogue (131812528),2 (131812528),- (131812528),- (131812528),0 (131812528),- (131812528),- (131812528),- (131812528),- (131812528),3 (131812528),3 (131812528),0 (131812528),- (131812528),- (131812528),0 (131812528),- (131812528),10 (131812528),10 (131812528),0 (131812528),– (131812528),0 (131812528),– (131812528),0 (131812528),– (131812528),0 (131812528),– (131812528),0 (131812528),– (131812528),0 (131812528),– (131812528),0 (131812528),,,,,,,,,
131907142,"Onyeka obviously dates mostly married men. She has a thing for men in relationships and is one of those deluded side chics that believe that their married lover loves them more than their wives, which is her primary sexual fantasy",Sexual allegations & slut-shaming,Negative (131907142),The emotion expressed in this comment is accusation and moral judgment. (131907142),Accusatory (131907142),1 (131907142),Accusations about Onyeka’s dating pattern (131907142),3 (131907142),- (131907142),Accusations of promiscuity and moral corruption (131907142),1 (131907142),6 (131907142),Stereotyping women as manipulative side-chicks (131907142),3 (131907142),3 (131907142),1 (131907142),1 (131907142),0 (131907142),- (131907142),- (131907142),1 (131907142),deluded side chics (131907142),3 (131907142),3 (131907142),0 (131907142),– (131907142),0 (131907142),– (131907142),0 (131907142),– (131907142),0 (131907142),– (131907142),0 (131907142),– (131907142),0 (131907142),– (131907142),0 (131907142),,,,,,,,,
132063574,No single housemate this year deserves the money. Make Big Brother kukuma just donate the money to TJ jor. At least he go use the money open one small clinic for him village.,Voting/prize-money strategy (“the money”),Neutral (132063574),The emotion expressed in this comment is neutrality and indifference. (132063574),Dismissive (132063574),1 (132063574),Suggestion to donate prize money (132063574),2 (132063574),- (132063574),- (132063574),0 (132063574),- (132063574),- (132063574),- (132063574),- (132063574),3 (132063574),3 (132063574),0 (132063574),- (132063574),- (132063574),0 (132063574),- (132063574),10 (132063574),10 (132063574),0 (132063574),– (132063574),0 (132063574),– (132063574),0 (132063574),– (132063574),0 (132063574),– (132063574),1 (132063574),Advocates donating prize money instead of awarding winner (132063574),0 (132063574),– (132063574),0 (132063574),,,,,,,,,
131561771,"people that are usually loud , these twins are very quiet for the kind of allegations Ruthie is leveling against them on national television! ""Come bitch come bitch. Go meet her na. She don finish una, na come bitch una fit say. Go face her, say something.  Ruthie win this one."" Ruthie: ""I never even use my abido-shaker 💅"" Guys... its official, Our Ruthie is trending on twitter ha ha ha ha ha ha ha ha (in Remas voice) https://x.com/Mandisa77/status/1824966532037775609",Fights/conflict/insults in-house,Positive (131561771),The emotion expressed in this comment is amusement and celebratory mockery. (131561771),Celebratory (131561771),1 (131561771),Trending BBNaija confrontation on Twitter (131561771),2 (131561771),- (131561771),- (131561771),0 (131561771),- (131561771),- (131561771),- (131561771),- (131561771),3 (131561771),3 (131561771),0 (131561771),- (131561771),- (131561771),0 (131561771),- (131561771),9 (131561771),9 (131561771),0 (131561771),– (131561771),1 (131561771),Reinforced belief that outspoken female contestants often dominate confrontations (131561771),0 (131561771),– (131561771),1 (131561771),References a trending Twitter/X post and quotes dialogue from it (131561771),1 (131561771),Advocates celebrating Ruthie’s confrontation / dominance (131561771),0 (131561771),– (131561771),0 (131561771),,,,,,,,,
132005009,"thank God useless tropher is angry at his everlasting losing sponsored tasks and wount follow anita's nyash for party tonight, make the small nyash rest small",Sexual allegations & slut-shaming,Negative (132005009),The emotion expressed in this comment is anger and insult-driven frustration. (132005009),Mocking (132005009),1 (132005009),Insult toward housemate performance in tasks (132005009),3 (132005009),- (132005009),Sexual objectification and crude commentary (132005009),0 (132005009),- (132005009),- (132005009),- (132005009),- (132005009),3 (132005009),3 (132005009),0 (132005009),- (132005009),- (132005009),1 (132005009),useless tropher (132005009),1 (132005009),1 (132005009),0 (132005009),– (132005009),1 (131816847),Reinforced belief that historical gender win patterns are skewed toward men (131816847),0 (132005009),– (132005009),0 (132005009),– (132005009),0 (132005009),– (132005009),0 (132005009),– (132005009),0 (132005009),,,,,,,,,
131816847,No of men who have won bbnaija 4 Efe 2017 Miracle 2018 laycon 2020 whitemoney 2021 No of women who have won bbnaija 3 Mercy in place of Tacha 2019. Phyna 2022 ilebaye 2023 Men leading 4 to 3 It's not even equal like 4/4 or women wining more at 6/4 So why did discussions about women winning this season lead to nonsense misogynistic comments about women winning bbnaija How can men be leading 4 to 3 and Then the people that want another man to win so it'll men leading at 5 to 3 wins are here being misogynistic under the pretence that men are being shortchanged when it comes to winning bbnaija? What kind of reverse psychology is that? The comment about bbnaija being a privately owned program still applies here. If you don't like anything. Don't watch. One thing I'm grateful for bbnaija voting is People are voting for who they want without prejudice Trying to skew votes along tribal or misogyny lines is tiring and I'm glad that's never been a reason for choosing a winner.,Gender norms/misogyny/“women vs men” discourse,Neutral (131816847),The emotion expressed in this comment is neutrality and statistical observation. (131816847),Analytical (131816847),1 (131816847),Statistics on BBNaija male vs female winners (131816847),2 (131816847),- (131816847),- (131816847),0 (131816847),- (131816847),- (131816847),- (131816847),- (131816847),3 (131816847),3 (131816847),0 (131816847),- (131816847),- (131816847),0 (131816847),- (131816847),9 (131816847),9 (131816847),0 (131816847),– (131816847),0 (131912692),– (131912692),0 (131816847),– (131816847),1 (131816847),Provides statistics on number of male vs female BBNaija winners by year (131816847),1 (131816847),Advocates gender-equality awareness in BBNaija wins (131816847),0 (131816847),– (131816847),0 (131816847),,,,,,,,,
131912692,"Ben is a big, fat fool. By now he should know that Chizoba is only tolerating him and doesn't like him. She only wants one of those twins. Why can't he read between the lines and leave her alone. I hate seeing men behave like idiots.",Appearance/beauty/age/body-shaming,Negative (131912692),The emotion expressed in this comment is anger and impatience. (131912692),Insulting (131912692),1 (131912692),Criticism of male housemate Ben (131912692),3 (131912692),- (131912692),Ridicule of male behavior and perceived stupidity (131912692),1 (131912692),7 (131912692),Male entitlement and hostility toward women’s autonomy (131912692),3 (131912692),3 (131912692),2 (131912692),1 (131912692),0 (131912692),- (131912692),- (131912692),1 (131912692),"big, fat fool (131912692)",2 (131912692),2 (131912692),0 (131912692),– (131912692),0 (131394470),– (131394470),0 (131912692),– (131912692),0 (131912692),– (131912692),0 (131912692),– (131912692),0 (131912692),– (131912692),0 (131912692),,,,,,,,,
131394470,"Men and brethren did this conversation happen? https://x.com/ChimmieeHQ/status/1821352022450241619?t=R4yGxmPmiiPeW98UuaknDQ&s=19 Clemet1111, Did this actually happened cos right now I'm literally flying to go vote for Shaun My akpa Amu is about to burst with happiness!! Now this is the Shameless ashawo man I Stan Shaun to the world!!",Shipping/romance dynamics,Positive (131394470),The emotion expressed in this comment is excitement and anticipation. (131394470),Excited (131394470),1 (131394470),Reference to viral BBNaija clip (131394470),2 (131394470),- (131394470),- (131394470),0 (131394470),- (131394470),- (131394470),- (131394470),- (131394470),3 (131394470),3 (131394470),0 (131394470),- (131394470),- (131394470),0 (131394470),- (131394470),10 (131394470),10 (131394470),0 (131394470),– (131394470),0 (131808052),– (131808052),0 (131394470),– (131394470),1 (131394470),Shares a link to an external video/post claiming a conversation occurred (131394470),1 (131394470),Advocates voting for Shaun based on alleged interaction (131394470),0 (131394470),– (131394470),1 (131394470),,,,,,,,,
131808052,"I still don’t see how this unpairing changes anything. These people are here on vacation. They will simply agree to share the money if one of their pairs wins. Besides, these people no really come win money. Na enjoyment, task money and fans dem come find. So the borefest continues.",Meta commentary on show format/production,Neutral (131808052),The emotion expressed in this comment is neutrality and resignation. (131808052),Dismissive (131808052),1 (131808052),Unpairing twist in BBNaija game (131808052),2 (131808052),- (131808052),- (131808052),0 (131808052),- (131808052),- (131808052),- (131808052),- (131808052),3 (131808052),3 (131808052),0 (131808052),- (131808052),- (131808052),0 (131808052),- (131808052),10 (131808052),10 (131808052),0 (131808052),– (131808052),0 (131615595),– (131615595),0 (131808052),– (131808052),0 (131808052),– (131808052),0 (131808052),– (131808052),0 (131808052),– (131808052),0 (131808052),,,,,,,,,
131615595,"Give women and inch and they will take a mile. You go Dey trust woman with other men especially when you’ve been caught cheating. I think those two are in an open marriage though, no married woman in the name of game would easily grind on another man or suck on the nipple of another man. No sane man either will ask his wife to play with other men just for game, that’s their reality. Me sef go try enter her once dem comot,since she’s for the streets.",Gender norms/misogyny/“women vs men” discourse,Negative (131615595),The emotion expressed in this comment is resentment and distrust. (131615595),Misogynistic (131615595),1 (131615595),Critique of open marriage perception (131615595),3 (131615595),- (131615595),Distrust of women and condemnation of perceived immorality (131615595),1 (131615595),6 (131615595),Distrust of women and justification of male control (131615595),3 (131615595),3 (131615595),1 (131615595),1 (131615595),0 (131615595),- (131615595),- (131615595),1 (131615595),since she’s for the streets (131615595),2 (131615595),2 (131615595),0 (131615595),– (131615595),0 (131597971),– (131597971),0 (131615595),– (131615595),0 (131615595),– (131615595),1 (131615595),Advocates distrust of women interacting with men / moral caution (131615595),0 (131615595),– (131615595),0 (131615595),,,,,,,,,
131597971,"Those of you voting for ""the money is married"" are in for a long thing. If they win, the husband will sideline his wife and discard her like a piece of trash. I was forced to watch their kissing scene, and there was no chemistry between them at all. The dude was just pressing her small ass like a toy.",Marriage/Loyalty/Boundaries,Negative (131597971),The emotion expressed in this comment is bitterness and disapproval. (131597971),Bitter (131597971),1 (131597971),Reaction to kissing scene on BBNaija (131597971),3 (131597971),- (131597971),Claim that marriage dynamic lacks chemistry and respect (131597971),1 (131597971),4 (131597971),Marriage as male-dominated power structure (131597971),3 (131597971),3 (131597971),1 (131597971),1 (131597971),0 (131597971),- (131597971),- (131597971),1 (131597971),discard her like a piece of trash (131597971),3 (131597971),3 (131597971),0 (131597971),– (131597971),0 (131245822),– (131245822),0 (131597971),– (131597971),0 (131597971),– (131597971),1 (131597971),Advocates criticism of marriage-based fan support (131597971),0 (131597971),– (131597971),0 (131597971),,,,,,,,,
131245822,Floruish likes zinwe. They are their main paddies in the house. Dj flo partner also like mayor and doctor Doctor compliments her a lot. Dj flo also likes double Kay wife Abi husband I don forget.,Shipping/romance dynamics,Neutral (131245822),The emotion expressed in this comment is neutrality and gossip-style observation. (131245822),Informal (131245822),1 (131245822),Housemate alliance gossip (131245822),2 (131245822),- (131245822),- (131245822),0 (131245822),- (131245822),- (131245822),- (131245822),- (131245822),3 (131245822),3 (131245822),0 (131245822),- (131245822),- (131245822),0 (131245822),- (131245822),10 (131245822),10 (131245822),0 (131245822),– (131245822),0 (131807595),– (131807595),0 (131245822),– (131245822),0 (131245822),– (131245822),0 (131245822),– (131245822),0 (131245822),– (131245822),0 (131245822),,,,,,,,,
131807595,"All the paired HMs without a following of their own will  struggle here, the money is married crew and the money is classless/razz crew we await where all of una go align.....",Voting/prize-money strategy (“the money”),Neutral (131807595),The emotion expressed in this comment is neutrality and strategic commentary. (131807595),Pessimistic (131807595),1 (131807595),Assessment of paired housemates’ popularity (131807595),2 (131807595),- (131807595),- (131807595),0 (131807595),- (131807595),- (131807595),- (131807595),- (131807595),3 (131807595),3 (131807595),0 (131807595),- (131807595),- (131807595),0 (131807595),- (131807595),10 (131807595),10 (131807595),0 (131807595),– (131807595),0 (132135855),– (132135855),0 (131807595),– (131807595),0 (131807595),– (131807595),1 (131807595),Advocates strategic alignment among weak pairs (131807595),0 (131807595),– (131807595),0 (131807595),,,,,,,,,
132135855,Kelly rae There is nothing like you should reciprocate There's no reciprocation you're just nominating Onyeka because you're pained your wife went to fight battle where it looked like she won Only to lose the war later. 😁 No be Onyeka fault your wife no fit answer question and her fans couldn't stomach the disgrace They went to bully Ebuka and got strike for her 😁 It's not onyeka's fault there. Na your wife wey no fit win battle wey she start,Fights/conflict/insults in-house,Negative (132135855),The emotion expressed in this comment is anger and blame. (132135855),Critical (132135855),1 (132135855),Nomination decision criticism (132135855),3 (132135855),- (132135855),Blame toward husband for retaliatory nominations (132135855),1 (132135855),7 (132135855),Male retaliation framed as justified leadership (132135855),3 (132135855),3 (132135855),1 (132135855),1 (132135855),0 (132135855),- (132135855),- (132135855),1 (132135855),your wife no fit win battle (132135855),2 (132135855),2 (132135855),0 (132135855),– (132135855),0 (131995603),– (131995603),0 (132135855),– (132135855),0 (132135855),– (132135855),0 (132135855),– (132135855),0 (132135855),– (132135855),0 (132135855),,,,,,,,,
131995603,Tjay lower your voice in this conversation before feminists will vex 😁 😁 😁 In a conversation with the female twins he said he admires how wanni takes care of geezeems boy.He said men like women that take care of their baby side.That men like women who pampers them alot.That even if their is a problem that the man will reconsider the relationship when he remembers that the woman has been taking good care of him. So we can comfortably say that Shawn is going no where.He will surely stay put in that ship .,Gender norms/misogyny/“women vs men” discourse,Neutral (131995603),The emotion expressed in this comment is amusement and provocation. (131995603),Playful (131995603),1 (131995603),Conversation about feminist reactions in BBNaija (131995603),2 (131995603),- (131995603),- (131995603),1 (131995603),4 (131995603),Masculinity threatened by feminist critique (131995603),4 (131995603),4 (131995603),2 (131995603),0 (131995603),0 (131995603),- (131995603),- (131995603),0 (131995603),- (131995603),10 (131995603),10 (131995603),0 (131995603),– (131995603),0 (131345151),– (131345151),0 (131995603),– (131995603),0 (131995603),– (131995603),1 (131995603),Advocates Shawn staying in relationship dynamic (131995603),0 (131995603),– (131995603),0 (131995603),,,,,,,,,
131345151,"The baby's must really think their ship is giving people content out here, lol, as for DJ Flo that people only recognize because of her stupid hats, they are busy talking who is strong and who is weak, because they survived week 1. Let Sunday come around we go see something",Housemate personality evaluation (boring/strong/weak),Negative (131345151),The emotion expressed in this comment is boredom and dismissiveness. (131345151),Dismissive (131345151),1 (131345151),Housemate popularity skepticism (131345151),3 (131345151),- (131345151),Dismissal of perceived delusion and overconfidence of ships (131345151),0 (131345151),- (131345151),- (131345151),- (131345151),- (131345151),3 (131345151),3 (131345151),0 (131345151),- (131345151),- (131345151),1 (131345151),stupid hats (131345151),1 (131345151),1 (131345151),0 (131345151),– (131345151),1 (132207176),Reinforced belief that assertive masculinity is expected in confrontational situations (132207176),0 (131345151),– (131345151),0 (131345151),– (131345151),0 (131345151),– (131345151),0 (131345151),– (131345151),0 (131345151),,,,,,,,,
132207176,"No Alpha male would have tolerated what the 3 witches did last night! especially when they were also being physical I mean the likes of Kidd, Adekunle, Pere , Boma, Teddy A, Seyi, Omashola would definitely act U can never bully these men lol",Gender norms/misogyny/“women vs men” discourse,Negative (132207176),The emotion expressed in this comment is anger and dominance assertion. (132207176),Aggressive (132207176),1 (132207176),Comparison with past BBNaija alpha males (132207176),3 (132207176),- (132207176),Aggression framed as acceptable masculinity; condemnation of “weak” men (132207176),1 (132207176),8 (132207176),Glorification of aggressive masculinity and dominance (132207176),3 (132207176),3 (132207176),1 (132207176),1 (132207176),0 (132207176),- (132207176),- (132207176),0 (132207176),- (132207176),2 (132207176),2 (132207176),0 (132207176),– (132207176),0 (131821582),– (131821582),0 (132207176),– (132207176),0 (132207176),– (132207176),1 (132207176),Advocates assertive male dominance against bullying (132207176),0 (132207176),– (132207176),0 (132207176),,,,,,,,,
131821582,"Why am I not liking this “urge” from handlers on which pair to vote for? I understand the strategy behind what they are doing BUT I keep thinking it is not fair on either Handi or Kassia in my opinion. I am sure they also want to win and there is no 100% guarantee that if their partners win, they will get half of the winnings…. I am especially bothered about the doubleK one.  From being the stronger one in the pair, Kassia has suddenly been relegated after working so much harder than her husband for the money.  All of a sudden, “my money is our money and kassia’s money is her money” WxH own is even more subtle.  Yeah Wanni is the one with boyfriend but Handi has been an equally heavy hitter in that twin dynamic.  Is it easy to be the “hanger on” in a trouple? Hmmm, i hope there wont be drama “after”biggie’s house but if there is, we are here to watch 😁 Please nobody should come for me oh.. my brain is having heddik 👅",Voting/prize-money strategy (“the money”),Neutral (131821582),The emotion expressed in this comment is concern and fairness anxiety. (131821582),Concerned (131821582),1 (131821582),Handlers influencing voting strategy (131821582),4 (131821582),- (131821582),- (131821582),1 (131821582),4 (131821582),Gendered fairness in competition and voting (131821582),4 (131821582),4 (131821582),1 (131821582),0 (131821582),0 (131821582),- (131821582),- (131821582),0 (131821582),- (131821582),10 (131821582),10 (131821582),0 (131821582),– (131821582),0 (131425520),– (131425520),0 (131821582),– (131821582),0 (131821582),– (131821582),1 (131821582),Advocates fairness toward female partners in voting strategy (131821582),0 (131821582),– (131821582),0 (131821582),,,,,,,,,
131425520,"It was as if Tobi heard my plee to slow down with making moves on Kassia… If truly the money is married, DoubleK will need to bring it. But for now, that money is as single as a nun…",Shipping/romance dynamics,Neutral (131425520),The emotion expressed in this comment is neutrality and cautious hope. (131425520),Hopeful (131425520),1 (131425520),Romantic tension involving Kassia (131425520),2 (131425520),- (131425520),- (131425520),0 (131425520),- (131425520),- (131425520),- (131425520),- (131425520),3 (131425520),3 (131425520),0 (131425520),- (131425520),- (131425520),0 (131425520),- (131425520),10 (131425520),10 (131425520),0 (131425520),– (131425520),1 (131292959),Reinforced belief that participation in the show can strain real-life marriages (131292959),0 (131425520),– (131425520),0 (131425520),– (131425520),0 (131425520),– (131425520),0 (131425520),– (131425520),0 (131425520),,,,,,,,,
131292959,Well said. The marriage is on the line. That's why Ebuka wished them luck with their marriage before they stepped in to the house. Ebuka also asked the husband what he was thinking for accepting to be in the show with his wife. The marriage will not remain the same again if they last long enough in the house.,Marriage/Loyalty/Boundaries,Negative (131292959),The emotion expressed in this comment is anxiety and apprehension. (131292959),Cautionary (131292959),1 (131292959),Marriage risk due to BBNaija participation (131292959),3 (131292959),- (131292959),Fear that participation will damage marriage (131292959),1 (131292959),4 (131292959),Marriage risk and emotional burden placed on women (131292959),3 (131292959),3 (131292959),1 (131292959),1 (131292959),0 (131292959),- (131292959),- (131292959),0 (131292959),- (131292959),9 (131292959),9 (131292959),0 (131292959),– (131292959),0 (131276074),– (131276074),0 (131292959),– (131292959),0 (131292959),– (131292959),1 (131292959),Advocates concern for marriage stability on the show (131292959),0 (131292959),– (131292959),0 (131292959),,,,,,,,,
131276074,First pool party where the men are more covered up than the girls Radicals and Baby aka Zion thank you for showing me flesh abeg Boma you missed abeg Na men con dey shy pass woman,Gender norms/misogyny/“women vs men” discourse,Neutral (131276074),The emotion expressed in this comment is neutrality and visual observation. (131276074),Lighthearted (131276074),1 (131276074),Pool party clothing comparison (131276074),2 (131276074),- (131276074),- (131276074),1 (131276074),7 (131276074),Male modesty versus female exposure norms (131276074),2 (131276074),2 (131276074),1 (131276074),0 (131276074),0 (131276074),- (131276074),- (131276074),0 (131276074),- (131276074),10 (131276074),10 (131276074),0 (131276074),– (131276074),0 (131275885),– (131275885),0 (131276074),– (131276074),0 (131276074),– (131276074),0 (131276074),– (131276074),0 (131276074),– (131276074),0 (131276074),,,,,,,,,
131275885,One day big brother will do me a favor and ban the men from wearing this singlet all the time. Monday to Thursday they wear Pool party they wear it Abi big brother naija don get uniform for men?,Meta commentary on show format/production,Neutral (131275885),The emotion expressed in this comment is mild irritation and humor. (131275885),Irritated (131275885),1 (131275885),BBNaija male outfit commentary (131275885),2 (131275885),- (131275885),- (131275885),0 (131275885),- (131275885),- (131275885),- (131275885),- (131275885),3 (131275885),3 (131275885),0 (131275885),- (131275885),- (131275885),0 (131275885),- (131275885),10 (131275885),10 (131275885),0 (131275885),– (131275885),0 (132227187),– (132227187),0 (131275885),– (131275885),0 (131275885),– (131275885),0 (131275885),– (131275885),0 (131275885),– (131275885),0 (131275885),,,,,,,,,
132227187,The money those Nelita babes sacrificed for this show might be more than half of the price money because their votes doesn't reflect on social media at all.... Even mbadiwes is also questionable.,Voting/prize-money strategy (“the money”),Negative (132227187),The emotion expressed in this comment is concern and skepticism. (132227187),Skeptical (132227187),1 (132227187),Questioning vote-value vs prize money (132227187),2 (132227187),- (132227187),- (132227187),0 (132227187),- (132227187),- (132227187),- (132227187),- (132227187),3 (132227187),3 (132227187),0 (132227187),- (132227187),- (132227187),0 (132227187),- (132227187),10 (132227187),10 (132227187),0 (132227187),– (132227187),1 (131592712),Reinforced belief that voting outcomes consistently favor dominant alliances (131592712),0 (132227187),– (132227187),0 (132227187),– (132227187),1 (132227187),Advocates questioning vote value and sacrifice of fans (132227187),0 (132227187),– (132227187),0 (132227187),,,,,,,,,
131592712,"Glad Radicals are safe for this week again Sorry Beta, this might be the end of the road for you. Chekas and Zinwe, it will be a tight battle. The battle of first and Second will be between “the money is Classless and “the money is married”.",Voting/prize-money strategy (“the money”),Neutral (131592712),The emotion expressed in this comment is cautious optimism. (131592712),Optimistic (131592712),1 (131592712),Eviction outcome speculation (131592712),2 (131592712),- (131592712),- (131592712),0 (131592712),- (131592712),- (131592712),- (131592712),- (131592712),3 (131592712),3 (131592712),0 (131592712),- (131592712),- (131592712),0 (131592712),- (131592712),9 (131592712),9 (131592712),0 (131592712),– (131592712),0 (132210348),– (132210348),0 (131592712),– (131592712),0 (131592712),– (131592712),1 (131592712),Advocates Radicals’ survival and predicts finalists (131592712),0 (131592712),– (131592712),0 (131592712),,,,,,,,,
132210348,Abegi.. They are evictees that are likely to stay till finals..So whats d difference if Wanni make finals and Kellyrae win the money... Las las they all escorted Kellyrae to win d money,Voting/prize-money strategy (“the money”),Neutral (132210348),The emotion expressed in this comment is neutrality and acceptance. (132210348),Resigned (132210348),1 (132210348),Finale outcome strategy discussion (132210348),2 (132210348),- (132210348),- (132210348),0 (132210348),- (132210348),- (132210348),- (132210348),- (132210348),3 (132210348),3 (132210348),0 (132210348),- (132210348),- (132210348),0 (132210348),- (132210348),10 (132210348),10 (132210348),0 (132210348),– (132210348),0 (131601330),– (131601330),0 (132210348),– (132210348),0 (132210348),– (132210348),1 (132210348),Advocates inevitability of Kellyrae winning money (132210348),0 (132210348),– (132210348),0 (132210348),,,,,,,,,
131601330,"Cho cho cho go and divorce her for him na, at your big age they forced you to watch two people kissing and you came up with this yeye conclusion. The money is still married, if they divorce the money will be divorced.",Marriage/Loyalty/Boundaries,Negative (131601330),The emotion expressed in this comment is anger and mockery. (131601330),Defiant (131601330),1 (131601330),Marriage/divorce metaphor for BBNaija prize (131601330),2 (131601330),- (131601330),- (131601330),0 (131601330),- (131601330),- (131601330),- (131601330),- (131601330),3 (131601330),3 (131601330),0 (131601330),- (131601330),- (131601330),0 (131601330),- (131601330),1 (131601330),1 (131601330),0 (131601330),– (131601330),1 (131592381),Reinforced belief that strategic manipulation is central to long-term survival in the house (131592381),0 (131601330),– (131601330),0 (131601330),– (131601330),1 (131601330),Advocates dismissing divorce speculation (131601330),0 (131601330),– (131601330),0 (131601330),,,,,,,,,
131592381,"They will come outside to realise it, they are no one friends, but I really like their game that's how to play the game use people to do your dirty job..... If they can continue escaping their game play should give them a definite shot at the money.....",Voting/prize-money strategy (“the money”),Positive (131592381),The emotion expressed in this comment is approval and strategic admiration. (131592381),Strategic (131592381),1 (131592381),Gameplay manipulation discussion (131592381),2 (131592381),- (131592381),- (131592381),0 (131592381),- (131592381),- (131592381),- (131592381),- (131592381),3 (131592381),3 (131592381),0 (131592381),- (131592381),- (131592381),0 (131592381),- (131592381),9 (131592381),9 (131592381),0 (131592381),– (131592381),0 (131510240),– (131510240),0 (131592381),– (131592381),0 (131592381),– (131592381),1 (131592381),Advocates manipulative gameplay as valid strategy (131592381),0 (131592381),– (131592381),0 (131592381),,,,,,,,,
131510240,The money is married is just very stupid to me Sha The money isn't married.. those 2 people haven't done anything special in the house yet.. Toby is not doing lovi lovi with Kassia anymore.. so tell me what more do they have to offer ?,Voting/prize-money strategy (“the money”),Negative (131510240),The emotion expressed in this comment is dismissal and irritation. (131510240),Dismissive (131510240),1 (131510240),Dismissal of “money is married” slogan (131510240),3 (131510240),- (131510240),Dismissal of “the money is married” narrative as undeserved (131510240),1 (131510240),4 (131510240),Dismissal of women’s contributions in favor of male partner (131510240),3 (131510240),3 (131510240),1 (131510240),1 (131510240),0 (131510240),- (131510240),- (131510240),0 (131510240),- (131510240),1 (131510240),1 (131510240),0 (131510240),– (131510240),1 (132030260),Reinforced belief that personal talent matters more than competition wins for post-show success (132030260),0 (131510240),– (131510240),0 (131510240),– (131510240),1 (131510240),Advocates rejection of “money is married” narrative (131510240),0 (131510240),– (131510240),0 (131510240),,,,,,,,,
132030260,She is the most talented and creative person in that house. Atleast her creativity in fashion will earn her a career and make her more money for life. Not winning head of house doesn't equate to anything in life. What matters in life are your talent and creativity and that is what kassia has.,Housemate personality evaluation (boring/strong/weak),Positive (132030260),The emotion expressed in this comment is pride and encouragement. (132030260),Inspirational (132030260),1 (132030260),Praise of Kassia’s creativity in BBNaija (132030260),1 (132030260),"Creativity, talent, and fashion sense (132030260)",- (132030260),0 (132030260),- (132030260),- (132030260),- (132030260),- (132030260),3 (132030260),3 (132030260),0 (132030260),- (132030260),- (132030260),0 (132030260),- (132030260),9 (132030260),9 (132030260),0 (132030260),– (132030260),1 (131747437),Reinforced belief that viewer support is driven by entertainment value rather than fairness (131747437),0 (132030260),– (132030260),0 (132030260),– (132030260),1 (132030260),Advocates valuing creativity over winning money (132030260),0 (132030260),– (132030260),0 (132030260),,,,,,,,,
131747437,"Wannihandi deserve to win this time around, i don't want to be biased. Truthfully they are the show and they are fun to watch (acting or not) but the money is married. Just supporting DoubleK so the money can help their marital journey that's all.",Voting/prize-money strategy (“the money”),Positive (131747437),The emotion expressed in this comment is support and goodwill. (131747437),Supportive (131747437),1 (131747437),Support for Wannihandi vs DoubleK debate (131747437),4 (131747437),- (131747437),- (131747437),0 (131747437),- (131747437),- (131747437),- (131747437),- (131747437),3 (131747437),3 (131747437),0 (131747437),- (131747437),- (131747437),0 (131747437),- (131747437),9 (131747437),9 (131747437),0 (131747437),– (131747437),0 (132273733),– (132273733),0 (131747437),– (131747437),0 (131747437),– (131747437),1 (131747437),Advocates DoubleK winning to support marriage (131747437),0 (131747437),– (131747437),0 (131747437),,,,,,,,,
132273733,"I have never voted for any housemate in the history of BBN, but some bad belle on this thread have pushed me to vote for Wanni. At this point, she is winning because I have done my underground job and it has been sealed. If you are pained, go and drink sniper. Wanni for the money. 😁 😁 😁",Voting/prize-money strategy (“the money”),Positive (132273733),The emotion expressed in this comment is defiance and determination. (132273733),Defiant (132273733),1 (132273733),Voting backlash narrative (132273733),3 (132273733),- (132273733),Encouragement of self-harm language and hostility toward dissenters (132273733),1 (132273733),6 (132273733),Sexual entitlement and harassment rhetoric (132273733),3 (132273733),3 (132273733),2 (132273733),1 (132273733),0 (132273733),- (132273733),- (132273733),1 (132273733),go and drink sniper (132273733),2 (132273733),2 (132273733),0 (132273733),– (132273733),0 (132318351),– (132318351),1 (132273733),Call to vote for Wanni / support her to win (132273733),0 (132273733),– (132273733),1 (132273733),Advocates voting for Wanni (132273733),0 (132273733),– (132273733),0 (132273733),,,,,,,,,
132318351,"I really wish they’d get rid of either viewer voting or the prize money. Getting rid of the prize money sounds extreme but you can make it work, turn it back to a social experiment and not this person is poor so they deserve it",Meta commentary on show format/production,Neutral (132318351),The emotion expressed in this comment is neutrality and reflective critique. (132318351),Reflective (132318351),1 (132318351),Critique of BBNaija prize-money structure (132318351),2 (132318351),- (132318351),- (132318351),0 (132318351),- (132318351),- (132318351),- (132318351),- (132318351),3 (132318351),3 (132318351),0 (132318351),- (132318351),- (132318351),0 (132318351),- (132318351),10 (132318351),10 (132318351),0 (132318351),– (132318351),0 (131808762),– (131808762),0 (132318351),– (132318351),0 (132318351),– (132318351),1 (132318351),Advocates removing prize money or viewer voting (132318351),0 (132318351),– (132318351),0 (132318351),,,,,,,,,
131808762,"That’s why them Efe’s season will always be the most original. It was strictly about the prize money. No instagram, no fan seekers, few sponsored tasks, no experience from past seasons. Just pure entertainment from hungry housemates that came to win the money. Oh and the season had T Boss 😅",Meta commentary on show format/production,Positive (131808762),The emotion expressed in this comment is nostalgia and appreciation. (131808762),Nostalgic (131808762),1 (131808762),Comparison with Efe’s BBNaija season (131808762),2 (131808762),- (131808762),- (131808762),0 (131808762),- (131808762),- (131808762),- (131808762),- (131808762),3 (131808762),3 (131808762),0 (131808762),- (131808762),- (131808762),0 (131808762),- (131808762),10 (131808762),10 (131808762),0 (131808762),– (131808762),0 (131920437),– (131920437),0 (131808762),– (131808762),0 (131808762),– (131808762),1 (131808762),Advocates nostalgia for earlier BBNaija formats (131808762),0 (131808762),– (131808762),0 (131808762),,,,,,,,,
131920437,"So Wanni said she loves my boy Shaun! Chai I hope Handi is game too because na the 2 both of them go give my boy twosome after the house. Even if we no win money make my boy see twosome collect. That twosome na win for my boy, he has money already.",Sexual allegations & slut-shaming,Negative (131920437),The emotion expressed in this comment is disgust and shock. (131920437),Sexualized (131920437),1 (131920437),Sexual shipping comment involving housemates (131920437),3 (131920437),- (131920437),Sexualized fantasy and objectification overriding the show’s purpose (131920437),1 (131920437),6 (131920437),Male sexual fantasy overriding women’s agency (131920437),3 (131920437),3 (131920437),2 (131920437),1 (131920437),0 (131920437),- (131920437),- (131920437),1 (131920437),give my boy twosome (131920437),1 (131920437),1 (131920437),0 (131920437),– (131920437),1 (132314390),Reinforced belief that the show consistently rewards certain personality archetypes (132314390),0 (131920437),– (131920437),0 (131920437),– (131920437),1 (131920437),Advocates sexualized ship support for Shaun/Wanni/Handi (131920437),0 (131920437),– (131920437),1 (131920437),,,,,,,,,
132314390,"I don't really comment on tribal lines. But I have seen all that was written here and I will give my honest take. Though I don't know how BBN organisers choose the housemates but I don't think it will be fair to say that Igbos are the most chosen. I will explain.. If 1000 people audition for example and 700 are from the south east,then that means that they will naturally be more . When you now consider that many Northerners don't bother with the show,you will agree with me that the organisers are not biased. I think they are choosing from the ""pool"" they have. That is if they are not choosing with money o Pls,I am just saying it as I see it. I will add something else,I don't really know how to say it without being misunderstood. The Igbos are known most times to go for what is right irrespective of their brother. What I mean to say...is that an average Igbo person won't even support a brother that doesn't know how to do a job,just cos the person is theirs. Many Igbos have supported and will continue to support non Igbo housemates! All they want is the entertainment! Lols. Dem no send. Lastly, I m not exonerating some tribal Igbos both on and off the thread. There will always be some bad eggs amongst the much good eggs. Love and light! Wanni my winner!",Tribal/region/representation & casting,Neutral (132314390),The emotion expressed in this comment is neutrality and analytical reasoning. (132314390),Reasoned (132314390),1 (132314390),Tribal bias discussion in BBNaija casting (132314390),2 (132314390),- (132314390),- (132314390),0 (132314390),- (132314390),- (132314390),- (132314390),- (132314390),3 (132314390),3 (132314390),0 (132314390),- (132314390),- (132314390),0 (132314390),- (132314390),9 (132314390),9 (132314390),0 (132314390),– (132314390),1 (131693342),Reinforced belief that tribal and regional debates recur every season (131693342),0 (132314390),– (132314390),0 (132314390),– (132314390),1 (132314390),Advocates balanced tribal interpretation of casting (132314390),0 (132314390),– (132314390),0 (132314390),,,,,,,,,
131693342,"Scondy, for many years you have been complaining about tribal distribution in big brother, an entertainment show owned by a private company that is not even owned by Nigerians. What if the selection is done by South Africans that don’t care about tribal distribution? Do you know that the Multichoice franchise in Naija is owned by a Yoruba man? Doesn’t it tell you something? The company only cares about making money. Not tribal sentiments. Adewunmi Ogunsanya is busy cashing out from the same ‘unfair’ tribal distribution you complain about every year. If you are not happy about how they select housemates, you have two options. Boycott the show or go and start your own reality show where you are free to select who you want to!",Tribal/region/representation & casting,Neutral (131693342),The emotion expressed in this comment is neutrality and rebuttal. (131693342),Argumentative (131693342),1 (131693342),Response to tribal distribution criticism (131693342),2 (131693342),- (131693342),- (131693342),0 (131693342),- (131693342),- (131693342),- (131693342),- (131693342),3 (131693342),3 (131693342),0 (131693342),- (131693342),- (131693342),0 (131693342),- (131693342),9 (131693342),9 (131693342),0 (131693342),– (131693342),0 (131195278),– (131195278),0 (131693342),– (131693342),0 (131693342),– (131693342),1 (131693342),Advocates rejecting tribal entitlement in casting (131693342),0 (131693342),– (131693342),0 (131693342),,,,,,,,,
131195278,"Lol. I'm hoping this post is just you playing, but if it's not, a few corrections. 1. Ben is half Urhobo and half Yoruba. The Yoruba half is his father. His name is Olufemi Benjamin. 2. Ruthee of Flourish is from Cross River. 3. Sooj is Igbo. 4. Shaun is Edo (Okojie), Victoria is from Imo state 5. Wanni and Handi are from Kaduna. 6. Kassia is from Uromi, her husband is Isoko.",Tribal/region/representation & casting,Neutral (131195278),The emotion expressed in this comment is neutrality and factual correction. (131195278),Corrective (131195278),1 (131195278),Correction of housemate ethnic identities (131195278),2 (131195278),- (131195278),- (131195278),0 (131195278),- (131195278),- (131195278),- (131195278),- (131195278),3 (131195278),3 (131195278),1 (131195278),"Ethnicity / state origins (Igbo, Yoruba, Edo, Kaduna, Imo, Delta, etc.) (131195278)",2 (131195278),0 (131195278),- (131195278),10 (131195278),10 (131195278),0 (131195278),– (131195278),1 (132311471),Reinforced belief that beauty standards heavily influence casting decisions (132311471),0 (131195278),– (131195278),1 (131195278),Provides factual corrections about housemates’ ethnic backgrounds and origins (131195278),0 (131195278),– (131195278),1 (131195278),Corrects misinformation about housemates’ ethnic backgrounds and origins by listing accurate details (131195278),0 (131195278),,,,,,,,,
132311471,"In a predominantly white country, if there is an intent to train 5-year-olds for future elite marathon careers, the Kenyan or Ethiopian child in the class will likely be chosen over any white child. Similarly, if the goal is to train for Olympic sprint events like the 100 or 200 meters, children of West African descent will be favored over their white peers. In contrast, an average white child has a better chance of being selected for a swimming competition than an average Black child. Despite America’s rivalry with China, Asian-Americans tend to be favored to represent the U.S. in table tennis or global math competitions. List the top 10 girls considered to be pretty on the show from each season in no particular order an the average viewers will mention: Kim Oprah- Igbo Erica- Igbo Nengi- Bayelsa Maria- Igbo Venita- Delta T-boss- Edo Victoria - Igbo Kassia - Bayelsa Beauty - North Saskay- North Those with peculiar facial features and exotic beauty seem to come from the Northern minorities who are Christians. I'm not saying that those from the aforesaid regions in Southern Nigeria are the prettiest,  nope. There are thousands of pretty tall, sexy Hausa-Fulani babes ""littered"" across Abuja but they're not going to audition because they're majorly Muslims and even if they do audition, no sane audition team is selecting a pretty Fulani babe into a house with cartons of  alcoholic drinks and handsome Bachelors ready to kiss their lips and suck their nipples during a truth/dare game. We've seen how Kannywood actresses are tortured for revealing skin and how most Northern states do not even produce their indigenes to represent in ""Miss Nigeria"" contest. Islamic conservatism reduces participation from Northern regions, leaving Southern Nigeria as the primary demographic pool for such shows. Whether it's a show like Keeping up with the Kardashians or Love Island, good looks are essential to attracting viewers. Among male contestants, Yoruba housemates such as Tobi, Mike Edwards, Seyi, and Sheggz have advanced far in these BBN, partly due to their physical appeal. Conversely, contestants like Dami and Toyosi were eliminated early, due to a lack of immediate appeal. Week 1 relies heavily on appearance, as viewers have not yet formed opinions on contestants' personalities. When thinking of the most successful Yoruba female housemate, Bisola often comes to mind. While she advanced far due to her talent, her appearance played a lesser role in her selection. Even Laycon, who won the show, secured victory largely through sympathy votes, not because of his looks. Ultimately, the selection process for Big Brother Naija places a significant emphasis on appearance, as they are designed for entertainment, not talent competitions like America's Got Talent. Consequently, regions with a higher perceived concentration of attractive individuals tend to dominate the show.",Tribal/region/representation & casting,Neutral (132311471),The emotion expressed in this comment is neutrality and sociological analysis. (132311471),Explanatory (132311471),1 (132311471),Sociological analysis of BBNaija casting (132311471),2 (132311471),- (132311471),- (132311471),1 (132311471),7 (132311471),Beauty standards and gendered casting expectations (132311471),2 (132311471),2 (132311471),1 (132311471),0 (132311471),1 (132311471),"Race and ethnicity (white, Black, Asian, Kenyan, Ethiopian, West African) (132311471)",4 (132311471),1 (132311471),suck their nipples during a truth/dare game (132311471),1 (132311471),1 (132311471),0 (132311471),– (132311471),1 (131598639),Reinforced belief that marital status can be leveraged as social capital (131598639),0 (132311471),– (132311471),1 (132311471),Provides generalized explanation of BBNaija casting logic and regional participation patterns (132311471),1 (132311471),Advocates appearance-based casting realism (132311471),0 (132311471),– (132311471),0 (132311471),,,,,,,,,
131598639,😂😂😂 All this reverse psychology won't work tbh Kellyrae paid her bride price in full and they will use BBN money to go on their honeymoon after the show My brother and his wife for the win Make my State person  sef win,Marriage/Loyalty/Boundaries,Positive (131598639),The emotion expressed in this comment is joy and confident optimism. (131598639),Proud (131598639),1 (131598639),Marriage strategy and bride price narrative (131598639),1 (131598639),Celebration of marriage and state pride (131598639),- (131598639),0 (131598639),- (131598639),- (131598639),- (131598639),- (131598639),3 (131598639),3 (131598639),0 (131598639),- (131598639),- (131598639),0 (131598639),- (131598639),9 (131598639),9 (131598639),0 (131598639),– (131598639),1 (131479198),Reinforced belief that romantic tension is deliberately used to sustain viewer interest (131479198),0 (131598639),– (131598639),0 (131598639),– (131598639),1 (131598639),Advocates state/ethnic pride in supporting Kellyrae (131598639),0 (131598639),– (131598639),1 (131598639),,,,,,,,,
131479198,"That thing about to go on, that's going on, will go on between Shaun and Onyeka.... I really really want it The only natural authentic Nyash closer to his ex's in that house is Onyeka's. Is Onyeka strong and bold enough to do what that half-witted, coward Nelly couldn't do? We watch",Shipping/romance dynamics,Neutral (131479198),The emotion expressed in this comment is anticipation and excitement. (131479198),Speculative (131479198),1 (131479198),Speculation on Shaun–Onyeka storyline (131479198),2 (131479198),- (131479198),- (131479198),1 (131479198),6 (131479198),Objectification of women’s bodies in romantic rivalry (131479198),3 (131479198),3 (131479198),2 (131479198),1 (131479198),0 (131479198),- (131479198),- (131479198),0 (131479198),- (131479198),9 (131479198),9 (131479198),0 (131479198),– (131479198),0 (131321638),– (131321638),0 (131479198),– (131479198),0 (131479198),– (131479198),0 (131479198),– (131479198),0 (131479198),– (131479198),0 (131479198),,,,,,,,,
131321638,"BB House raving spirit of both reciprocal and unreciprocated love in the air. carammel : Everyone at every corner is talking about who like who, abeg ! It is what it is. The spirit is in the air and the housemates are seizing every moment to investigate love, talk about it or actively pursue it. carammel : Seen another fine guy on green eating indomie with the dark skinned pretty babe, he looks fulani except for the nose.. Fine guy Topher - the other half of Aces (Topher and Sooj) in a conversation with pretty babe Toyosi - the other half of Tami (Toyosi&Damilola) firJ : All these men with bald hairline,what’s the age range for this years housemates? This Ben will be in his 40s. Publicly available information says he's ""29"". safarigirl : Even Sooj wey dem born 2000,/2001, dem dey drag Nelly on top him matter. Although tricky but Sooj doesn't look 23 to me. Michky looks more 23 than Sooj.",Shipping/romance dynamics,Neutral (131321638),The emotion expressed in this comment is neutrality and descriptive commentary. (131321638),Observational (131321638),1 (131321638),Housemate romance observations (131321638),2 (131321638),- (131321638),- (131321638),0 (131321638),- (131321638),- (131321638),- (131321638),- (131321638),3 (131321638),3 (131321638),0 (131321638),- (131321638),- (131321638),0 (131321638),- (131321638),10 (131321638),10 (131321638),0 (131321638),– (131321638),0 (131643187),– (131643187),0 (131321638),– (131321638),0 (131321638),– (131321638),0 (131321638),– (131321638),0 (131321638),– (131321638),0 (131321638),,,,,,,,,
131643187,"Jealously is the be it all and end it all for devil reincarnate, very fat, very ugly, very uncouth, very promiscuous, idiotic evil bitch chunwe. Breakfast in bed? Go and get nelly's body and persona and then u wount ask for it because it will surely come. Thunder fire u animal",Sexual allegations & slut-shaming,Negative (131643187),The emotion expressed in this comment is hostility and intense disgust. (131643187),Abusive (131643187),0 (131643187),– (131643187),5 (131643187),- (131643187),- (131643187),1 (131643187),6 (131643187),Extreme misogyny and violent sexual language (131643187),3 (131643187),3 (131643187),2 (131643187),1 (131643187),0 (131643187),- (131643187),- (131643187),1 (131643187),evil bitch chunwe (131643187),3 (131643187),3 (131643187),0 (131643187),– (131643187),0 (131491751),– (131491751),0 (131643187),– (131643187),0 (131643187),– (131643187),0 (131643187),– (131643187),0 (131643187),– (131643187),0 (131643187),,,,,,,,,
131491751,Give them some slack now. Twins must not know every. Because a twin can be different from another. But husband and wife? Let's wait and see the 10 years relationship gurus. Lols I go laugh tire. Pls keep the updates coming. Thanks,Meta commentary on show format/production,Neutral (131491751),The emotion expressed in this comment is amusement and patience. (131491751),Amused (131491751),0 (131491751),– (131491751),2 (131491751),- (131491751),- (131491751),0 (131491751),- (131491751),- (131491751),- (131491751),- (131491751),3 (131491751),3 (131491751),0 (131491751),- (131491751),- (131491751),0 (131491751),- (131491751),10 (131491751),10 (131491751),0 (131491751),– (131491751),1 (132311964),Reinforced belief that producers prioritize physical appearance over diversity or skill (132311964),0 (131491751),– (131491751),0 (131491751),– (131491751),0 (131491751),– (131491751),0 (131491751),– (131491751),0 (131491751),,,,,,,,,
132311964,"The viewers want a fine girl whether she has good character or not, so if you're an Erica the team will select you, and nobody is rejecting a Nengi-looking babe to pick a Funke Akindele-looking babe. The viewers want a pretty lady, so whether you're introverted like Victoria or not, you'll be selected. The viewers want a fine young man with links to ""old money wealth"", so whether you're Kiddwaya or Mbadiwe, you'll be selected. If one of those Okoya's young boys driving Gen-z babes crazy on Tiktok auditions for Big Brother Naija,  he'll be selected before they consider an Igbo guy. There's a limited slot for hustlers. Anybody with determination to break out will get this slot, usually upcoming and struggling musicians. There's a slot of big nyash or BBL 😆 If you're perceived to be too old, the viewers do not want you. There's also a slot or two for married people. There's a slot or two for Nigerians living abroad. Viewers want a ship. Think of Bollywood. The producers want mostly actors/actresses that pass the Indian beauty standards so that Zeeworld fans can be delulu. Most of the slots in BBN are for people with good looks, so the Igbos tend to dominate than the Yorubas. So if you're Mike Edwards, Teddy A, Sheggz, Tobi etc that babes will drool over in the house, you're more likely to be selected than a Laycon-looking igbo.",Tribal/region/representation & casting,Neutral (132311964),The emotion expressed in this comment is neutrality and casting critique. (132311964),Analytical (132311964),1 (132311964),BBNaija casting preference critique (132311964),2 (132311964),- (132311964),- (132311964),1 (132311964),7 (132311964),Gendered desirability and appearance-based selection (132311964),2 (132311964),2 (132311964),1 (132311964),0 (132311964),1 (132311964),"Ethnicity, religion, and regional identity (Igbo, Yoruba, Hausa-Fulani, Muslim/Northern identity) (132311964)",4 (132311964),1 (132311964),slot of big nyash or BBL (132311964),9 (132311964),9 (132311964),0 (132311964),– (132311964),,,0 (132311964),– (132311964),0 (132311964),– (132311964),1 (132311964),Advocates acceptance of attractiveness-driven casting norms (132311964),0 (132311964),– (132311964),0 (132311964),,,,,,,,,